CRITICAL - 2026-08-27 01:15:48 --> CodeIgniter\Exceptions\CriticalError: The required PHP extension "mysqli" is not loaded. Install and enable it to use "MySQLi" driver.
[Method: GET, Route: /]
in SYSTEMPATH\Database\Database.php on line 186.
 1 SYSTEMPATH\Database\Database.php(59): CodeIgniter\Database\Database->checkDbExtension('MySQLi')
 2 SYSTEMPATH\Database\Config.php(82): CodeIgniter\Database\Database->load([...], 'default')
 3 APPPATH\Controllers\Home.php(10): CodeIgniter\Database\Config::connect()
 4 SYSTEMPATH\CodeIgniter.php(974): App\Controllers\Home->index()
 5 SYSTEMPATH\CodeIgniter.php(520): CodeIgniter\CodeIgniter->runController(Object(App\Controllers\Home))
 6 SYSTEMPATH\CodeIgniter.php(363): CodeIgniter\CodeIgniter->handleRequest(null, Object(Config\Cache), false)
 7 SYSTEMPATH\Boot.php(417): CodeIgniter\CodeIgniter->run()
 8 SYSTEMPATH\Boot.php(68): CodeIgniter\Boot::runCodeIgniter(Object(CodeIgniter\CodeIgniter))
 9 FCPATH\index.php(59): CodeIgniter\Boot::bootWeb(Object(Config\Paths))
10 SYSTEMPATH\rewrite.php(44): require_once('C:\\Users\\ASUS\\Downloads\\FWMS\\FWMS\\public\\index.php')
CRITICAL - 2026-08-27 01:15:51 --> CodeIgniter\Exceptions\CriticalError: The required PHP extension "mysqli" is not loaded. Install and enable it to use "MySQLi" driver.
[Method: GET, Route: /]
in SYSTEMPATH\Database\Database.php on line 186.
 1 SYSTEMPATH\Database\Database.php(59): CodeIgniter\Database\Database->checkDbExtension('MySQLi')
 2 SYSTEMPATH\Database\Config.php(82): CodeIgniter\Database\Database->load([...], 'default')
 3 APPPATH\Controllers\Home.php(10): CodeIgniter\Database\Config::connect()
 4 SYSTEMPATH\CodeIgniter.php(974): App\Controllers\Home->index()
 5 SYSTEMPATH\CodeIgniter.php(520): CodeIgniter\CodeIgniter->runController(Object(App\Controllers\Home))
 6 SYSTEMPATH\CodeIgniter.php(363): CodeIgniter\CodeIgniter->handleRequest(null, Object(Config\Cache), false)
 7 SYSTEMPATH\Boot.php(417): CodeIgniter\CodeIgniter->run()
 8 SYSTEMPATH\Boot.php(68): CodeIgniter\Boot::runCodeIgniter(Object(CodeIgniter\CodeIgniter))
 9 FCPATH\index.php(59): CodeIgniter\Boot::bootWeb(Object(Config\Paths))
10 SYSTEMPATH\rewrite.php(44): require_once('C:\\Users\\ASUS\\Downloads\\FWMS\\FWMS\\public\\index.php')
CRITICAL - 2026-08-27 01:15:51 --> CodeIgniter\Exceptions\CriticalError: The required PHP extension "mysqli" is not loaded. Install and enable it to use "MySQLi" driver.
[Method: GET, Route: /]
in SYSTEMPATH\Database\Database.php on line 186.
 1 SYSTEMPATH\Database\Database.php(59): CodeIgniter\Database\Database->checkDbExtension('MySQLi')
 2 SYSTEMPATH\Database\Config.php(82): CodeIgniter\Database\Database->load([...], 'default')
 3 APPPATH\Controllers\Home.php(10): CodeIgniter\Database\Config::connect()
 4 SYSTEMPATH\CodeIgniter.php(974): App\Controllers\Home->index()
 5 SYSTEMPATH\CodeIgniter.php(520): CodeIgniter\CodeIgniter->runController(Object(App\Controllers\Home))
 6 SYSTEMPATH\CodeIgniter.php(363): CodeIgniter\CodeIgniter->handleRequest(null, Object(Config\Cache), false)
 7 SYSTEMPATH\Boot.php(417): CodeIgniter\CodeIgniter->run()
 8 SYSTEMPATH\Boot.php(68): CodeIgniter\Boot::runCodeIgniter(Object(CodeIgniter\CodeIgniter))
 9 FCPATH\index.php(59): CodeIgniter\Boot::bootWeb(Object(Config\Paths))
10 SYSTEMPATH\rewrite.php(44): require_once('C:\\Users\\ASUS\\Downloads\\FWMS\\FWMS\\public\\index.php')
CRITICAL - 2026-08-27 01:15:51 --> CodeIgniter\Exceptions\CriticalError: The required PHP extension "mysqli" is not loaded. Install and enable it to use "MySQLi" driver.
[Method: GET, Route: /]
in SYSTEMPATH\Database\Database.php on line 186.
 1 SYSTEMPATH\Database\Database.php(59): CodeIgniter\Database\Database->checkDbExtension('MySQLi')
 2 SYSTEMPATH\Database\Config.php(82): CodeIgniter\Database\Database->load([...], 'default')
 3 APPPATH\Controllers\Home.php(10): CodeIgniter\Database\Config::connect()
 4 SYSTEMPATH\CodeIgniter.php(974): App\Controllers\Home->index()
 5 SYSTEMPATH\CodeIgniter.php(520): CodeIgniter\CodeIgniter->runController(Object(App\Controllers\Home))
 6 SYSTEMPATH\CodeIgniter.php(363): CodeIgniter\CodeIgniter->handleRequest(null, Object(Config\Cache), false)
 7 SYSTEMPATH\Boot.php(417): CodeIgniter\CodeIgniter->run()
 8 SYSTEMPATH\Boot.php(68): CodeIgniter\Boot::runCodeIgniter(Object(CodeIgniter\CodeIgniter))
 9 FCPATH\index.php(59): CodeIgniter\Boot::bootWeb(Object(Config\Paths))
10 SYSTEMPATH\rewrite.php(44): require_once('C:\\Users\\ASUS\\Downloads\\FWMS\\FWMS\\public\\index.php')
CRITICAL - 2026-08-27 01:15:51 --> CodeIgniter\Exceptions\CriticalError: The required PHP extension "mysqli" is not loaded. Install and enable it to use "MySQLi" driver.
[Method: GET, Route: /]
in SYSTEMPATH\Database\Database.php on line 186.
 1 SYSTEMPATH\Database\Database.php(59): CodeIgniter\Database\Database->checkDbExtension('MySQLi')
 2 SYSTEMPATH\Database\Config.php(82): CodeIgniter\Database\Database->load([...], 'default')
 3 APPPATH\Controllers\Home.php(10): CodeIgniter\Database\Config::connect()
 4 SYSTEMPATH\CodeIgniter.php(974): App\Controllers\Home->index()
 5 SYSTEMPATH\CodeIgniter.php(520): CodeIgniter\CodeIgniter->runController(Object(App\Controllers\Home))
 6 SYSTEMPATH\CodeIgniter.php(363): CodeIgniter\CodeIgniter->handleRequest(null, Object(Config\Cache), false)
 7 SYSTEMPATH\Boot.php(417): CodeIgniter\CodeIgniter->run()
 8 SYSTEMPATH\Boot.php(68): CodeIgniter\Boot::runCodeIgniter(Object(CodeIgniter\CodeIgniter))
 9 FCPATH\index.php(59): CodeIgniter\Boot::bootWeb(Object(Config\Paths))
10 SYSTEMPATH\rewrite.php(44): require_once('C:\\Users\\ASUS\\Downloads\\FWMS\\FWMS\\public\\index.php')
CRITICAL - 2026-08-27 01:15:52 --> CodeIgniter\Exceptions\CriticalError: The required PHP extension "mysqli" is not loaded. Install and enable it to use "MySQLi" driver.
[Method: GET, Route: /]
in SYSTEMPATH\Database\Database.php on line 186.
 1 SYSTEMPATH\Database\Database.php(59): CodeIgniter\Database\Database->checkDbExtension('MySQLi')
 2 SYSTEMPATH\Database\Config.php(82): CodeIgniter\Database\Database->load([...], 'default')
 3 APPPATH\Controllers\Home.php(10): CodeIgniter\Database\Config::connect()
 4 SYSTEMPATH\CodeIgniter.php(974): App\Controllers\Home->index()
 5 SYSTEMPATH\CodeIgniter.php(520): CodeIgniter\CodeIgniter->runController(Object(App\Controllers\Home))
 6 SYSTEMPATH\CodeIgniter.php(363): CodeIgniter\CodeIgniter->handleRequest(null, Object(Config\Cache), false)
 7 SYSTEMPATH\Boot.php(417): CodeIgniter\CodeIgniter->run()
 8 SYSTEMPATH\Boot.php(68): CodeIgniter\Boot::runCodeIgniter(Object(CodeIgniter\CodeIgniter))
 9 FCPATH\index.php(59): CodeIgniter\Boot::bootWeb(Object(Config\Paths))
10 SYSTEMPATH\rewrite.php(44): require_once('C:\\Users\\ASUS\\Downloads\\FWMS\\FWMS\\public\\index.php')
CRITICAL - 2026-08-27 01:15:52 --> CodeIgniter\Exceptions\CriticalError: The required PHP extension "mysqli" is not loaded. Install and enable it to use "MySQLi" driver.
[Method: GET, Route: /]
in SYSTEMPATH\Database\Database.php on line 186.
 1 SYSTEMPATH\Database\Database.php(59): CodeIgniter\Database\Database->checkDbExtension('MySQLi')
 2 SYSTEMPATH\Database\Config.php(82): CodeIgniter\Database\Database->load([...], 'default')
 3 APPPATH\Controllers\Home.php(10): CodeIgniter\Database\Config::connect()
 4 SYSTEMPATH\CodeIgniter.php(974): App\Controllers\Home->index()
 5 SYSTEMPATH\CodeIgniter.php(520): CodeIgniter\CodeIgniter->runController(Object(App\Controllers\Home))
 6 SYSTEMPATH\CodeIgniter.php(363): CodeIgniter\CodeIgniter->handleRequest(null, Object(Config\Cache), false)
 7 SYSTEMPATH\Boot.php(417): CodeIgniter\CodeIgniter->run()
 8 SYSTEMPATH\Boot.php(68): CodeIgniter\Boot::runCodeIgniter(Object(CodeIgniter\CodeIgniter))
 9 FCPATH\index.php(59): CodeIgniter\Boot::bootWeb(Object(Config\Paths))
10 SYSTEMPATH\rewrite.php(44): require_once('C:\\Users\\ASUS\\Downloads\\FWMS\\FWMS\\public\\index.php')
CRITICAL - 2026-08-27 01:17:59 --> CodeIgniter\Exceptions\CriticalError: The required PHP extension "mysqli" is not loaded. Install and enable it to use "MySQLi" driver.
[Method: GET, Route: /]
in SYSTEMPATH\Database\Database.php on line 186.
 1 SYSTEMPATH\Database\Database.php(59): CodeIgniter\Database\Database->checkDbExtension('MySQLi')
 2 SYSTEMPATH\Database\Config.php(82): CodeIgniter\Database\Database->load([...], 'default')
 3 APPPATH\Controllers\Home.php(10): CodeIgniter\Database\Config::connect()
 4 SYSTEMPATH\CodeIgniter.php(974): App\Controllers\Home->index()
 5 SYSTEMPATH\CodeIgniter.php(520): CodeIgniter\CodeIgniter->runController(Object(App\Controllers\Home))
 6 SYSTEMPATH\CodeIgniter.php(363): CodeIgniter\CodeIgniter->handleRequest(null, Object(Config\Cache), false)
 7 SYSTEMPATH\Boot.php(417): CodeIgniter\CodeIgniter->run()
 8 SYSTEMPATH\Boot.php(68): CodeIgniter\Boot::runCodeIgniter(Object(CodeIgniter\CodeIgniter))
 9 FCPATH\index.php(59): CodeIgniter\Boot::bootWeb(Object(Config\Paths))
10 SYSTEMPATH\rewrite.php(44): require_once('C:\\Users\\ASUS\\Downloads\\FWMS\\FWMS\\public\\index.php')
CRITICAL - 2026-08-27 01:18:00 --> CodeIgniter\Exceptions\CriticalError: The required PHP extension "mysqli" is not loaded. Install and enable it to use "MySQLi" driver.
[Method: GET, Route: /]
in SYSTEMPATH\Database\Database.php on line 186.
 1 SYSTEMPATH\Database\Database.php(59): CodeIgniter\Database\Database->checkDbExtension('MySQLi')
 2 SYSTEMPATH\Database\Config.php(82): CodeIgniter\Database\Database->load([...], 'default')
 3 APPPATH\Controllers\Home.php(10): CodeIgniter\Database\Config::connect()
 4 SYSTEMPATH\CodeIgniter.php(974): App\Controllers\Home->index()
 5 SYSTEMPATH\CodeIgniter.php(520): CodeIgniter\CodeIgniter->runController(Object(App\Controllers\Home))
 6 SYSTEMPATH\CodeIgniter.php(363): CodeIgniter\CodeIgniter->handleRequest(null, Object(Config\Cache), false)
 7 SYSTEMPATH\Boot.php(417): CodeIgniter\CodeIgniter->run()
 8 SYSTEMPATH\Boot.php(68): CodeIgniter\Boot::runCodeIgniter(Object(CodeIgniter\CodeIgniter))
 9 FCPATH\index.php(59): CodeIgniter\Boot::bootWeb(Object(Config\Paths))
10 SYSTEMPATH\rewrite.php(44): require_once('C:\\Users\\ASUS\\Downloads\\FWMS\\FWMS\\public\\index.php')
CRITICAL - 2026-08-27 01:18:00 --> CodeIgniter\Exceptions\CriticalError: The required PHP extension "mysqli" is not loaded. Install and enable it to use "MySQLi" driver.
[Method: GET, Route: /]
in SYSTEMPATH\Database\Database.php on line 186.
 1 SYSTEMPATH\Database\Database.php(59): CodeIgniter\Database\Database->checkDbExtension('MySQLi')
 2 SYSTEMPATH\Database\Config.php(82): CodeIgniter\Database\Database->load([...], 'default')
 3 APPPATH\Controllers\Home.php(10): CodeIgniter\Database\Config::connect()
 4 SYSTEMPATH\CodeIgniter.php(974): App\Controllers\Home->index()
 5 SYSTEMPATH\CodeIgniter.php(520): CodeIgniter\CodeIgniter->runController(Object(App\Controllers\Home))
 6 SYSTEMPATH\CodeIgniter.php(363): CodeIgniter\CodeIgniter->handleRequest(null, Object(Config\Cache), false)
 7 SYSTEMPATH\Boot.php(417): CodeIgniter\CodeIgniter->run()
 8 SYSTEMPATH\Boot.php(68): CodeIgniter\Boot::runCodeIgniter(Object(CodeIgniter\CodeIgniter))
 9 FCPATH\index.php(59): CodeIgniter\Boot::bootWeb(Object(Config\Paths))
10 SYSTEMPATH\rewrite.php(44): require_once('C:\\Users\\ASUS\\Downloads\\FWMS\\FWMS\\public\\index.php')
CRITICAL - 2026-08-27 01:18:00 --> CodeIgniter\Exceptions\CriticalError: The required PHP extension "mysqli" is not loaded. Install and enable it to use "MySQLi" driver.
[Method: GET, Route: /]
in SYSTEMPATH\Database\Database.php on line 186.
 1 SYSTEMPATH\Database\Database.php(59): CodeIgniter\Database\Database->checkDbExtension('MySQLi')
 2 SYSTEMPATH\Database\Config.php(82): CodeIgniter\Database\Database->load([...], 'default')
 3 APPPATH\Controllers\Home.php(10): CodeIgniter\Database\Config::connect()
 4 SYSTEMPATH\CodeIgniter.php(974): App\Controllers\Home->index()
 5 SYSTEMPATH\CodeIgniter.php(520): CodeIgniter\CodeIgniter->runController(Object(App\Controllers\Home))
 6 SYSTEMPATH\CodeIgniter.php(363): CodeIgniter\CodeIgniter->handleRequest(null, Object(Config\Cache), false)
 7 SYSTEMPATH\Boot.php(417): CodeIgniter\CodeIgniter->run()
 8 SYSTEMPATH\Boot.php(68): CodeIgniter\Boot::runCodeIgniter(Object(CodeIgniter\CodeIgniter))
 9 FCPATH\index.php(59): CodeIgniter\Boot::bootWeb(Object(Config\Paths))
10 SYSTEMPATH\rewrite.php(44): require_once('C:\\Users\\ASUS\\Downloads\\FWMS\\FWMS\\public\\index.php')
CRITICAL - 2026-08-27 01:18:01 --> CodeIgniter\Exceptions\CriticalError: The required PHP extension "mysqli" is not loaded. Install and enable it to use "MySQLi" driver.
[Method: GET, Route: /]
in SYSTEMPATH\Database\Database.php on line 186.
 1 SYSTEMPATH\Database\Database.php(59): CodeIgniter\Database\Database->checkDbExtension('MySQLi')
 2 SYSTEMPATH\Database\Config.php(82): CodeIgniter\Database\Database->load([...], 'default')
 3 APPPATH\Controllers\Home.php(10): CodeIgniter\Database\Config::connect()
 4 SYSTEMPATH\CodeIgniter.php(974): App\Controllers\Home->index()
 5 SYSTEMPATH\CodeIgniter.php(520): CodeIgniter\CodeIgniter->runController(Object(App\Controllers\Home))
 6 SYSTEMPATH\CodeIgniter.php(363): CodeIgniter\CodeIgniter->handleRequest(null, Object(Config\Cache), false)
 7 SYSTEMPATH\Boot.php(417): CodeIgniter\CodeIgniter->run()
 8 SYSTEMPATH\Boot.php(68): CodeIgniter\Boot::runCodeIgniter(Object(CodeIgniter\CodeIgniter))
 9 FCPATH\index.php(59): CodeIgniter\Boot::bootWeb(Object(Config\Paths))
10 SYSTEMPATH\rewrite.php(44): require_once('C:\\Users\\ASUS\\Downloads\\FWMS\\FWMS\\public\\index.php')
CRITICAL - 2026-08-27 01:18:25 --> CodeIgniter\Exceptions\CriticalError: The required PHP extension "mysqli" is not loaded. Install and enable it to use "MySQLi" driver.
[Method: GET, Route: /]
in SYSTEMPATH\Database\Database.php on line 186.
 1 SYSTEMPATH\Database\Database.php(59): CodeIgniter\Database\Database->checkDbExtension('MySQLi')
 2 SYSTEMPATH\Database\Config.php(82): CodeIgniter\Database\Database->load([...], 'default')
 3 APPPATH\Controllers\Home.php(10): CodeIgniter\Database\Config::connect()
 4 SYSTEMPATH\CodeIgniter.php(974): App\Controllers\Home->index()
 5 SYSTEMPATH\CodeIgniter.php(520): CodeIgniter\CodeIgniter->runController(Object(App\Controllers\Home))
 6 SYSTEMPATH\CodeIgniter.php(363): CodeIgniter\CodeIgniter->handleRequest(null, Object(Config\Cache), false)
 7 SYSTEMPATH\Boot.php(417): CodeIgniter\CodeIgniter->run()
 8 SYSTEMPATH\Boot.php(68): CodeIgniter\Boot::runCodeIgniter(Object(CodeIgniter\CodeIgniter))
 9 FCPATH\index.php(59): CodeIgniter\Boot::bootWeb(Object(Config\Paths))
10 SYSTEMPATH\rewrite.php(44): require_once('C:\\Users\\ASUS\\Downloads\\FWMS\\FWMS\\public\\index.php')
CRITICAL - 2026-08-27 01:24:56 --> CodeIgniter\Exceptions\CriticalError: The required PHP extension "mysqli" is not loaded. Install and enable it to use "MySQLi" driver.
[Method: GET, Route: /]
in SYSTEMPATH\Database\Database.php on line 186.
 1 SYSTEMPATH\Database\Database.php(59): CodeIgniter\Database\Database->checkDbExtension('MySQLi')
 2 SYSTEMPATH\Database\Config.php(82): CodeIgniter\Database\Database->load([...], 'default')
 3 APPPATH\Controllers\Home.php(10): CodeIgniter\Database\Config::connect()
 4 SYSTEMPATH\CodeIgniter.php(974): App\Controllers\Home->index()
 5 SYSTEMPATH\CodeIgniter.php(520): CodeIgniter\CodeIgniter->runController(Object(App\Controllers\Home))
 6 SYSTEMPATH\CodeIgniter.php(363): CodeIgniter\CodeIgniter->handleRequest(null, Object(Config\Cache), false)
 7 SYSTEMPATH\Boot.php(417): CodeIgniter\CodeIgniter->run()
 8 SYSTEMPATH\Boot.php(68): CodeIgniter\Boot::runCodeIgniter(Object(CodeIgniter\CodeIgniter))
 9 FCPATH\index.php(59): CodeIgniter\Boot::bootWeb(Object(Config\Paths))
10 SYSTEMPATH\rewrite.php(44): require_once('C:\\Users\\ASUS\\Downloads\\FWMS\\FWMS\\public\\index.php')
CRITICAL - 2026-08-27 01:24:57 --> CodeIgniter\Exceptions\CriticalError: The required PHP extension "mysqli" is not loaded. Install and enable it to use "MySQLi" driver.
[Method: GET, Route: /]
in SYSTEMPATH\Database\Database.php on line 186.
 1 SYSTEMPATH\Database\Database.php(59): CodeIgniter\Database\Database->checkDbExtension('MySQLi')
 2 SYSTEMPATH\Database\Config.php(82): CodeIgniter\Database\Database->load([...], 'default')
 3 APPPATH\Controllers\Home.php(10): CodeIgniter\Database\Config::connect()
 4 SYSTEMPATH\CodeIgniter.php(974): App\Controllers\Home->index()
 5 SYSTEMPATH\CodeIgniter.php(520): CodeIgniter\CodeIgniter->runController(Object(App\Controllers\Home))
 6 SYSTEMPATH\CodeIgniter.php(363): CodeIgniter\CodeIgniter->handleRequest(null, Object(Config\Cache), false)
 7 SYSTEMPATH\Boot.php(417): CodeIgniter\CodeIgniter->run()
 8 SYSTEMPATH\Boot.php(68): CodeIgniter\Boot::runCodeIgniter(Object(CodeIgniter\CodeIgniter))
 9 FCPATH\index.php(59): CodeIgniter\Boot::bootWeb(Object(Config\Paths))
10 SYSTEMPATH\rewrite.php(44): require_once('C:\\Users\\ASUS\\Downloads\\FWMS\\FWMS\\public\\index.php')
CRITICAL - 2026-08-27 01:24:57 --> CodeIgniter\Exceptions\CriticalError: The required PHP extension "mysqli" is not loaded. Install and enable it to use "MySQLi" driver.
[Method: GET, Route: /]
in SYSTEMPATH\Database\Database.php on line 186.
 1 SYSTEMPATH\Database\Database.php(59): CodeIgniter\Database\Database->checkDbExtension('MySQLi')
 2 SYSTEMPATH\Database\Config.php(82): CodeIgniter\Database\Database->load([...], 'default')
 3 APPPATH\Controllers\Home.php(10): CodeIgniter\Database\Config::connect()
 4 SYSTEMPATH\CodeIgniter.php(974): App\Controllers\Home->index()
 5 SYSTEMPATH\CodeIgniter.php(520): CodeIgniter\CodeIgniter->runController(Object(App\Controllers\Home))
 6 SYSTEMPATH\CodeIgniter.php(363): CodeIgniter\CodeIgniter->handleRequest(null, Object(Config\Cache), false)
 7 SYSTEMPATH\Boot.php(417): CodeIgniter\CodeIgniter->run()
 8 SYSTEMPATH\Boot.php(68): CodeIgniter\Boot::runCodeIgniter(Object(CodeIgniter\CodeIgniter))
 9 FCPATH\index.php(59): CodeIgniter\Boot::bootWeb(Object(Config\Paths))
10 SYSTEMPATH\rewrite.php(44): require_once('C:\\Users\\ASUS\\Downloads\\FWMS\\FWMS\\public\\index.php')
CRITICAL - 2026-08-27 01:24:57 --> CodeIgniter\Exceptions\CriticalError: The required PHP extension "mysqli" is not loaded. Install and enable it to use "MySQLi" driver.
[Method: GET, Route: /]
in SYSTEMPATH\Database\Database.php on line 186.
 1 SYSTEMPATH\Database\Database.php(59): CodeIgniter\Database\Database->checkDbExtension('MySQLi')
 2 SYSTEMPATH\Database\Config.php(82): CodeIgniter\Database\Database->load([...], 'default')
 3 APPPATH\Controllers\Home.php(10): CodeIgniter\Database\Config::connect()
 4 SYSTEMPATH\CodeIgniter.php(974): App\Controllers\Home->index()
 5 SYSTEMPATH\CodeIgniter.php(520): CodeIgniter\CodeIgniter->runController(Object(App\Controllers\Home))
 6 SYSTEMPATH\CodeIgniter.php(363): CodeIgniter\CodeIgniter->handleRequest(null, Object(Config\Cache), false)
 7 SYSTEMPATH\Boot.php(417): CodeIgniter\CodeIgniter->run()
 8 SYSTEMPATH\Boot.php(68): CodeIgniter\Boot::runCodeIgniter(Object(CodeIgniter\CodeIgniter))
 9 FCPATH\index.php(59): CodeIgniter\Boot::bootWeb(Object(Config\Paths))
10 SYSTEMPATH\rewrite.php(44): require_once('C:\\Users\\ASUS\\Downloads\\FWMS\\FWMS\\public\\index.php')
CRITICAL - 2026-08-27 01:24:58 --> CodeIgniter\Exceptions\CriticalError: The required PHP extension "mysqli" is not loaded. Install and enable it to use "MySQLi" driver.
[Method: GET, Route: /]
in SYSTEMPATH\Database\Database.php on line 186.
 1 SYSTEMPATH\Database\Database.php(59): CodeIgniter\Database\Database->checkDbExtension('MySQLi')
 2 SYSTEMPATH\Database\Config.php(82): CodeIgniter\Database\Database->load([...], 'default')
 3 APPPATH\Controllers\Home.php(10): CodeIgniter\Database\Config::connect()
 4 SYSTEMPATH\CodeIgniter.php(974): App\Controllers\Home->index()
 5 SYSTEMPATH\CodeIgniter.php(520): CodeIgniter\CodeIgniter->runController(Object(App\Controllers\Home))
 6 SYSTEMPATH\CodeIgniter.php(363): CodeIgniter\CodeIgniter->handleRequest(null, Object(Config\Cache), false)
 7 SYSTEMPATH\Boot.php(417): CodeIgniter\CodeIgniter->run()
 8 SYSTEMPATH\Boot.php(68): CodeIgniter\Boot::runCodeIgniter(Object(CodeIgniter\CodeIgniter))
 9 FCPATH\index.php(59): CodeIgniter\Boot::bootWeb(Object(Config\Paths))
10 SYSTEMPATH\rewrite.php(44): require_once('C:\\Users\\ASUS\\Downloads\\FWMS\\FWMS\\public\\index.php')
CRITICAL - 2026-08-27 01:24:58 --> CodeIgniter\Exceptions\CriticalError: The required PHP extension "mysqli" is not loaded. Install and enable it to use "MySQLi" driver.
[Method: GET, Route: /]
in SYSTEMPATH\Database\Database.php on line 186.
 1 SYSTEMPATH\Database\Database.php(59): CodeIgniter\Database\Database->checkDbExtension('MySQLi')
 2 SYSTEMPATH\Database\Config.php(82): CodeIgniter\Database\Database->load([...], 'default')
 3 APPPATH\Controllers\Home.php(10): CodeIgniter\Database\Config::connect()
 4 SYSTEMPATH\CodeIgniter.php(974): App\Controllers\Home->index()
 5 SYSTEMPATH\CodeIgniter.php(520): CodeIgniter\CodeIgniter->runController(Object(App\Controllers\Home))
 6 SYSTEMPATH\CodeIgniter.php(363): CodeIgniter\CodeIgniter->handleRequest(null, Object(Config\Cache), false)
 7 SYSTEMPATH\Boot.php(417): CodeIgniter\CodeIgniter->run()
 8 SYSTEMPATH\Boot.php(68): CodeIgniter\Boot::runCodeIgniter(Object(CodeIgniter\CodeIgniter))
 9 FCPATH\index.php(59): CodeIgniter\Boot::bootWeb(Object(Config\Paths))
10 SYSTEMPATH\rewrite.php(44): require_once('C:\\Users\\ASUS\\Downloads\\FWMS\\FWMS\\public\\index.php')
CRITICAL - 2026-08-27 01:24:58 --> CodeIgniter\Exceptions\CriticalError: The required PHP extension "mysqli" is not loaded. Install and enable it to use "MySQLi" driver.
[Method: GET, Route: /]
in SYSTEMPATH\Database\Database.php on line 186.
 1 SYSTEMPATH\Database\Database.php(59): CodeIgniter\Database\Database->checkDbExtension('MySQLi')
 2 SYSTEMPATH\Database\Config.php(82): CodeIgniter\Database\Database->load([...], 'default')
 3 APPPATH\Controllers\Home.php(10): CodeIgniter\Database\Config::connect()
 4 SYSTEMPATH\CodeIgniter.php(974): App\Controllers\Home->index()
 5 SYSTEMPATH\CodeIgniter.php(520): CodeIgniter\CodeIgniter->runController(Object(App\Controllers\Home))
 6 SYSTEMPATH\CodeIgniter.php(363): CodeIgniter\CodeIgniter->handleRequest(null, Object(Config\Cache), false)
 7 SYSTEMPATH\Boot.php(417): CodeIgniter\CodeIgniter->run()
 8 SYSTEMPATH\Boot.php(68): CodeIgniter\Boot::runCodeIgniter(Object(CodeIgniter\CodeIgniter))
 9 FCPATH\index.php(59): CodeIgniter\Boot::bootWeb(Object(Config\Paths))
10 SYSTEMPATH\rewrite.php(44): require_once('C:\\Users\\ASUS\\Downloads\\FWMS\\FWMS\\public\\index.php')
CRITICAL - 2026-08-27 01:24:58 --> CodeIgniter\Exceptions\CriticalError: The required PHP extension "mysqli" is not loaded. Install and enable it to use "MySQLi" driver.
[Method: GET, Route: /]
in SYSTEMPATH\Database\Database.php on line 186.
 1 SYSTEMPATH\Database\Database.php(59): CodeIgniter\Database\Database->checkDbExtension('MySQLi')
 2 SYSTEMPATH\Database\Config.php(82): CodeIgniter\Database\Database->load([...], 'default')
 3 APPPATH\Controllers\Home.php(10): CodeIgniter\Database\Config::connect()
 4 SYSTEMPATH\CodeIgniter.php(974): App\Controllers\Home->index()
 5 SYSTEMPATH\CodeIgniter.php(520): CodeIgniter\CodeIgniter->runController(Object(App\Controllers\Home))
 6 SYSTEMPATH\CodeIgniter.php(363): CodeIgniter\CodeIgniter->handleRequest(null, Object(Config\Cache), false)
 7 SYSTEMPATH\Boot.php(417): CodeIgniter\CodeIgniter->run()
 8 SYSTEMPATH\Boot.php(68): CodeIgniter\Boot::runCodeIgniter(Object(CodeIgniter\CodeIgniter))
 9 FCPATH\index.php(59): CodeIgniter\Boot::bootWeb(Object(Config\Paths))
10 SYSTEMPATH\rewrite.php(44): require_once('C:\\Users\\ASUS\\Downloads\\FWMS\\FWMS\\public\\index.php')
CRITICAL - 2026-08-27 01:24:58 --> CodeIgniter\Exceptions\CriticalError: The required PHP extension "mysqli" is not loaded. Install and enable it to use "MySQLi" driver.
[Method: GET, Route: /]
in SYSTEMPATH\Database\Database.php on line 186.
 1 SYSTEMPATH\Database\Database.php(59): CodeIgniter\Database\Database->checkDbExtension('MySQLi')
 2 SYSTEMPATH\Database\Config.php(82): CodeIgniter\Database\Database->load([...], 'default')
 3 APPPATH\Controllers\Home.php(10): CodeIgniter\Database\Config::connect()
 4 SYSTEMPATH\CodeIgniter.php(974): App\Controllers\Home->index()
 5 SYSTEMPATH\CodeIgniter.php(520): CodeIgniter\CodeIgniter->runController(Object(App\Controllers\Home))
 6 SYSTEMPATH\CodeIgniter.php(363): CodeIgniter\CodeIgniter->handleRequest(null, Object(Config\Cache), false)
 7 SYSTEMPATH\Boot.php(417): CodeIgniter\CodeIgniter->run()
 8 SYSTEMPATH\Boot.php(68): CodeIgniter\Boot::runCodeIgniter(Object(CodeIgniter\CodeIgniter))
 9 FCPATH\index.php(59): CodeIgniter\Boot::bootWeb(Object(Config\Paths))
10 SYSTEMPATH\rewrite.php(44): require_once('C:\\Users\\ASUS\\Downloads\\FWMS\\FWMS\\public\\index.php')
CRITICAL - 2026-08-27 01:24:59 --> CodeIgniter\Exceptions\CriticalError: The required PHP extension "mysqli" is not loaded. Install and enable it to use "MySQLi" driver.
[Method: GET, Route: /]
in SYSTEMPATH\Database\Database.php on line 186.
 1 SYSTEMPATH\Database\Database.php(59): CodeIgniter\Database\Database->checkDbExtension('MySQLi')
 2 SYSTEMPATH\Database\Config.php(82): CodeIgniter\Database\Database->load([...], 'default')
 3 APPPATH\Controllers\Home.php(10): CodeIgniter\Database\Config::connect()
 4 SYSTEMPATH\CodeIgniter.php(974): App\Controllers\Home->index()
 5 SYSTEMPATH\CodeIgniter.php(520): CodeIgniter\CodeIgniter->runController(Object(App\Controllers\Home))
 6 SYSTEMPATH\CodeIgniter.php(363): CodeIgniter\CodeIgniter->handleRequest(null, Object(Config\Cache), false)
 7 SYSTEMPATH\Boot.php(417): CodeIgniter\CodeIgniter->run()
 8 SYSTEMPATH\Boot.php(68): CodeIgniter\Boot::runCodeIgniter(Object(CodeIgniter\CodeIgniter))
 9 FCPATH\index.php(59): CodeIgniter\Boot::bootWeb(Object(Config\Paths))
10 SYSTEMPATH\rewrite.php(44): require_once('C:\\Users\\ASUS\\Downloads\\FWMS\\FWMS\\public\\index.php')
CRITICAL - 2026-08-27 01:24:59 --> CodeIgniter\Exceptions\CriticalError: The required PHP extension "mysqli" is not loaded. Install and enable it to use "MySQLi" driver.
[Method: GET, Route: /]
in SYSTEMPATH\Database\Database.php on line 186.
 1 SYSTEMPATH\Database\Database.php(59): CodeIgniter\Database\Database->checkDbExtension('MySQLi')
 2 SYSTEMPATH\Database\Config.php(82): CodeIgniter\Database\Database->load([...], 'default')
 3 APPPATH\Controllers\Home.php(10): CodeIgniter\Database\Config::connect()
 4 SYSTEMPATH\CodeIgniter.php(974): App\Controllers\Home->index()
 5 SYSTEMPATH\CodeIgniter.php(520): CodeIgniter\CodeIgniter->runController(Object(App\Controllers\Home))
 6 SYSTEMPATH\CodeIgniter.php(363): CodeIgniter\CodeIgniter->handleRequest(null, Object(Config\Cache), false)
 7 SYSTEMPATH\Boot.php(417): CodeIgniter\CodeIgniter->run()
 8 SYSTEMPATH\Boot.php(68): CodeIgniter\Boot::runCodeIgniter(Object(CodeIgniter\CodeIgniter))
 9 FCPATH\index.php(59): CodeIgniter\Boot::bootWeb(Object(Config\Paths))
10 SYSTEMPATH\rewrite.php(44): require_once('C:\\Users\\ASUS\\Downloads\\FWMS\\FWMS\\public\\index.php')
CRITICAL - 2026-08-27 01:24:59 --> CodeIgniter\Exceptions\CriticalError: The required PHP extension "mysqli" is not loaded. Install and enable it to use "MySQLi" driver.
[Method: GET, Route: /]
in SYSTEMPATH\Database\Database.php on line 186.
 1 SYSTEMPATH\Database\Database.php(59): CodeIgniter\Database\Database->checkDbExtension('MySQLi')
 2 SYSTEMPATH\Database\Config.php(82): CodeIgniter\Database\Database->load([...], 'default')
 3 APPPATH\Controllers\Home.php(10): CodeIgniter\Database\Config::connect()
 4 SYSTEMPATH\CodeIgniter.php(974): App\Controllers\Home->index()
 5 SYSTEMPATH\CodeIgniter.php(520): CodeIgniter\CodeIgniter->runController(Object(App\Controllers\Home))
 6 SYSTEMPATH\CodeIgniter.php(363): CodeIgniter\CodeIgniter->handleRequest(null, Object(Config\Cache), false)
 7 SYSTEMPATH\Boot.php(417): CodeIgniter\CodeIgniter->run()
 8 SYSTEMPATH\Boot.php(68): CodeIgniter\Boot::runCodeIgniter(Object(CodeIgniter\CodeIgniter))
 9 FCPATH\index.php(59): CodeIgniter\Boot::bootWeb(Object(Config\Paths))
10 SYSTEMPATH\rewrite.php(44): require_once('C:\\Users\\ASUS\\Downloads\\FWMS\\FWMS\\public\\index.php')
CRITICAL - 2026-08-27 01:24:59 --> CodeIgniter\Exceptions\CriticalError: The required PHP extension "mysqli" is not loaded. Install and enable it to use "MySQLi" driver.
[Method: GET, Route: /]
in SYSTEMPATH\Database\Database.php on line 186.
 1 SYSTEMPATH\Database\Database.php(59): CodeIgniter\Database\Database->checkDbExtension('MySQLi')
 2 SYSTEMPATH\Database\Config.php(82): CodeIgniter\Database\Database->load([...], 'default')
 3 APPPATH\Controllers\Home.php(10): CodeIgniter\Database\Config::connect()
 4 SYSTEMPATH\CodeIgniter.php(974): App\Controllers\Home->index()
 5 SYSTEMPATH\CodeIgniter.php(520): CodeIgniter\CodeIgniter->runController(Object(App\Controllers\Home))
 6 SYSTEMPATH\CodeIgniter.php(363): CodeIgniter\CodeIgniter->handleRequest(null, Object(Config\Cache), false)
 7 SYSTEMPATH\Boot.php(417): CodeIgniter\CodeIgniter->run()
 8 SYSTEMPATH\Boot.php(68): CodeIgniter\Boot::runCodeIgniter(Object(CodeIgniter\CodeIgniter))
 9 FCPATH\index.php(59): CodeIgniter\Boot::bootWeb(Object(Config\Paths))
10 SYSTEMPATH\rewrite.php(44): require_once('C:\\Users\\ASUS\\Downloads\\FWMS\\FWMS\\public\\index.php')
CRITICAL - 2026-08-27 01:24:59 --> CodeIgniter\Exceptions\CriticalError: The required PHP extension "mysqli" is not loaded. Install and enable it to use "MySQLi" driver.
[Method: GET, Route: /]
in SYSTEMPATH\Database\Database.php on line 186.
 1 SYSTEMPATH\Database\Database.php(59): CodeIgniter\Database\Database->checkDbExtension('MySQLi')
 2 SYSTEMPATH\Database\Config.php(82): CodeIgniter\Database\Database->load([...], 'default')
 3 APPPATH\Controllers\Home.php(10): CodeIgniter\Database\Config::connect()
 4 SYSTEMPATH\CodeIgniter.php(974): App\Controllers\Home->index()
 5 SYSTEMPATH\CodeIgniter.php(520): CodeIgniter\CodeIgniter->runController(Object(App\Controllers\Home))
 6 SYSTEMPATH\CodeIgniter.php(363): CodeIgniter\CodeIgniter->handleRequest(null, Object(Config\Cache), false)
 7 SYSTEMPATH\Boot.php(417): CodeIgniter\CodeIgniter->run()
 8 SYSTEMPATH\Boot.php(68): CodeIgniter\Boot::runCodeIgniter(Object(CodeIgniter\CodeIgniter))
 9 FCPATH\index.php(59): CodeIgniter\Boot::bootWeb(Object(Config\Paths))
10 SYSTEMPATH\rewrite.php(44): require_once('C:\\Users\\ASUS\\Downloads\\FWMS\\FWMS\\public\\index.php')
CRITICAL - 2026-08-27 01:25:00 --> CodeIgniter\Exceptions\CriticalError: The required PHP extension "mysqli" is not loaded. Install and enable it to use "MySQLi" driver.
[Method: GET, Route: /]
in SYSTEMPATH\Database\Database.php on line 186.
 1 SYSTEMPATH\Database\Database.php(59): CodeIgniter\Database\Database->checkDbExtension('MySQLi')
 2 SYSTEMPATH\Database\Config.php(82): CodeIgniter\Database\Database->load([...], 'default')
 3 APPPATH\Controllers\Home.php(10): CodeIgniter\Database\Config::connect()
 4 SYSTEMPATH\CodeIgniter.php(974): App\Controllers\Home->index()
 5 SYSTEMPATH\CodeIgniter.php(520): CodeIgniter\CodeIgniter->runController(Object(App\Controllers\Home))
 6 SYSTEMPATH\CodeIgniter.php(363): CodeIgniter\CodeIgniter->handleRequest(null, Object(Config\Cache), false)
 7 SYSTEMPATH\Boot.php(417): CodeIgniter\CodeIgniter->run()
 8 SYSTEMPATH\Boot.php(68): CodeIgniter\Boot::runCodeIgniter(Object(CodeIgniter\CodeIgniter))
 9 FCPATH\index.php(59): CodeIgniter\Boot::bootWeb(Object(Config\Paths))
10 SYSTEMPATH\rewrite.php(44): require_once('C:\\Users\\ASUS\\Downloads\\FWMS\\FWMS\\public\\index.php')
CRITICAL - 2026-08-27 01:26:24 --> CodeIgniter\Exceptions\CriticalError: The required PHP extension "mysqli" is not loaded. Install and enable it to use "MySQLi" driver.
[Method: GET, Route: /]
in SYSTEMPATH\Database\Database.php on line 186.
 1 SYSTEMPATH\Database\Database.php(59): CodeIgniter\Database\Database->checkDbExtension('MySQLi')
 2 SYSTEMPATH\Database\Config.php(82): CodeIgniter\Database\Database->load([...], 'default')
 3 APPPATH\Controllers\Home.php(10): CodeIgniter\Database\Config::connect()
 4 SYSTEMPATH\CodeIgniter.php(974): App\Controllers\Home->index()
 5 SYSTEMPATH\CodeIgniter.php(520): CodeIgniter\CodeIgniter->runController(Object(App\Controllers\Home))
 6 SYSTEMPATH\CodeIgniter.php(363): CodeIgniter\CodeIgniter->handleRequest(null, Object(Config\Cache), false)
 7 SYSTEMPATH\Boot.php(417): CodeIgniter\CodeIgniter->run()
 8 SYSTEMPATH\Boot.php(68): CodeIgniter\Boot::runCodeIgniter(Object(CodeIgniter\CodeIgniter))
 9 FCPATH\index.php(59): CodeIgniter\Boot::bootWeb(Object(Config\Paths))
10 SYSTEMPATH\rewrite.php(44): require_once('C:\\Users\\ASUS\\Downloads\\FWMS\\FWMS\\public\\index.php')
CRITICAL - 2026-08-27 01:26:25 --> CodeIgniter\Exceptions\CriticalError: The required PHP extension "mysqli" is not loaded. Install and enable it to use "MySQLi" driver.
[Method: GET, Route: /]
in SYSTEMPATH\Database\Database.php on line 186.
 1 SYSTEMPATH\Database\Database.php(59): CodeIgniter\Database\Database->checkDbExtension('MySQLi')
 2 SYSTEMPATH\Database\Config.php(82): CodeIgniter\Database\Database->load([...], 'default')
 3 APPPATH\Controllers\Home.php(10): CodeIgniter\Database\Config::connect()
 4 SYSTEMPATH\CodeIgniter.php(974): App\Controllers\Home->index()
 5 SYSTEMPATH\CodeIgniter.php(520): CodeIgniter\CodeIgniter->runController(Object(App\Controllers\Home))
 6 SYSTEMPATH\CodeIgniter.php(363): CodeIgniter\CodeIgniter->handleRequest(null, Object(Config\Cache), false)
 7 SYSTEMPATH\Boot.php(417): CodeIgniter\CodeIgniter->run()
 8 SYSTEMPATH\Boot.php(68): CodeIgniter\Boot::runCodeIgniter(Object(CodeIgniter\CodeIgniter))
 9 FCPATH\index.php(59): CodeIgniter\Boot::bootWeb(Object(Config\Paths))
10 SYSTEMPATH\rewrite.php(44): require_once('C:\\Users\\ASUS\\Downloads\\FWMS\\FWMS\\public\\index.php')
CRITICAL - 2026-08-27 01:26:25 --> CodeIgniter\Exceptions\CriticalError: The required PHP extension "mysqli" is not loaded. Install and enable it to use "MySQLi" driver.
[Method: GET, Route: /]
in SYSTEMPATH\Database\Database.php on line 186.
 1 SYSTEMPATH\Database\Database.php(59): CodeIgniter\Database\Database->checkDbExtension('MySQLi')
 2 SYSTEMPATH\Database\Config.php(82): CodeIgniter\Database\Database->load([...], 'default')
 3 APPPATH\Controllers\Home.php(10): CodeIgniter\Database\Config::connect()
 4 SYSTEMPATH\CodeIgniter.php(974): App\Controllers\Home->index()
 5 SYSTEMPATH\CodeIgniter.php(520): CodeIgniter\CodeIgniter->runController(Object(App\Controllers\Home))
 6 SYSTEMPATH\CodeIgniter.php(363): CodeIgniter\CodeIgniter->handleRequest(null, Object(Config\Cache), false)
 7 SYSTEMPATH\Boot.php(417): CodeIgniter\CodeIgniter->run()
 8 SYSTEMPATH\Boot.php(68): CodeIgniter\Boot::runCodeIgniter(Object(CodeIgniter\CodeIgniter))
 9 FCPATH\index.php(59): CodeIgniter\Boot::bootWeb(Object(Config\Paths))
10 SYSTEMPATH\rewrite.php(44): require_once('C:\\Users\\ASUS\\Downloads\\FWMS\\FWMS\\public\\index.php')
CRITICAL - 2026-08-27 01:26:25 --> CodeIgniter\Exceptions\CriticalError: The required PHP extension "mysqli" is not loaded. Install and enable it to use "MySQLi" driver.
[Method: GET, Route: /]
in SYSTEMPATH\Database\Database.php on line 186.
 1 SYSTEMPATH\Database\Database.php(59): CodeIgniter\Database\Database->checkDbExtension('MySQLi')
 2 SYSTEMPATH\Database\Config.php(82): CodeIgniter\Database\Database->load([...], 'default')
 3 APPPATH\Controllers\Home.php(10): CodeIgniter\Database\Config::connect()
 4 SYSTEMPATH\CodeIgniter.php(974): App\Controllers\Home->index()
 5 SYSTEMPATH\CodeIgniter.php(520): CodeIgniter\CodeIgniter->runController(Object(App\Controllers\Home))
 6 SYSTEMPATH\CodeIgniter.php(363): CodeIgniter\CodeIgniter->handleRequest(null, Object(Config\Cache), false)
 7 SYSTEMPATH\Boot.php(417): CodeIgniter\CodeIgniter->run()
 8 SYSTEMPATH\Boot.php(68): CodeIgniter\Boot::runCodeIgniter(Object(CodeIgniter\CodeIgniter))
 9 FCPATH\index.php(59): CodeIgniter\Boot::bootWeb(Object(Config\Paths))
10 SYSTEMPATH\rewrite.php(44): require_once('C:\\Users\\ASUS\\Downloads\\FWMS\\FWMS\\public\\index.php')
CRITICAL - 2026-08-27 01:26:26 --> CodeIgniter\Exceptions\CriticalError: The required PHP extension "mysqli" is not loaded. Install and enable it to use "MySQLi" driver.
[Method: GET, Route: /]
in SYSTEMPATH\Database\Database.php on line 186.
 1 SYSTEMPATH\Database\Database.php(59): CodeIgniter\Database\Database->checkDbExtension('MySQLi')
 2 SYSTEMPATH\Database\Config.php(82): CodeIgniter\Database\Database->load([...], 'default')
 3 APPPATH\Controllers\Home.php(10): CodeIgniter\Database\Config::connect()
 4 SYSTEMPATH\CodeIgniter.php(974): App\Controllers\Home->index()
 5 SYSTEMPATH\CodeIgniter.php(520): CodeIgniter\CodeIgniter->runController(Object(App\Controllers\Home))
 6 SYSTEMPATH\CodeIgniter.php(363): CodeIgniter\CodeIgniter->handleRequest(null, Object(Config\Cache), false)
 7 SYSTEMPATH\Boot.php(417): CodeIgniter\CodeIgniter->run()
 8 SYSTEMPATH\Boot.php(68): CodeIgniter\Boot::runCodeIgniter(Object(CodeIgniter\CodeIgniter))
 9 FCPATH\index.php(59): CodeIgniter\Boot::bootWeb(Object(Config\Paths))
10 SYSTEMPATH\rewrite.php(44): require_once('C:\\Users\\ASUS\\Downloads\\FWMS\\FWMS\\public\\index.php')
CRITICAL - 2026-08-27 01:26:26 --> CodeIgniter\Exceptions\CriticalError: The required PHP extension "mysqli" is not loaded. Install and enable it to use "MySQLi" driver.
[Method: GET, Route: /]
in SYSTEMPATH\Database\Database.php on line 186.
 1 SYSTEMPATH\Database\Database.php(59): CodeIgniter\Database\Database->checkDbExtension('MySQLi')
 2 SYSTEMPATH\Database\Config.php(82): CodeIgniter\Database\Database->load([...], 'default')
 3 APPPATH\Controllers\Home.php(10): CodeIgniter\Database\Config::connect()
 4 SYSTEMPATH\CodeIgniter.php(974): App\Controllers\Home->index()
 5 SYSTEMPATH\CodeIgniter.php(520): CodeIgniter\CodeIgniter->runController(Object(App\Controllers\Home))
 6 SYSTEMPATH\CodeIgniter.php(363): CodeIgniter\CodeIgniter->handleRequest(null, Object(Config\Cache), false)
 7 SYSTEMPATH\Boot.php(417): CodeIgniter\CodeIgniter->run()
 8 SYSTEMPATH\Boot.php(68): CodeIgniter\Boot::runCodeIgniter(Object(CodeIgniter\CodeIgniter))
 9 FCPATH\index.php(59): CodeIgniter\Boot::bootWeb(Object(Config\Paths))
10 SYSTEMPATH\rewrite.php(44): require_once('C:\\Users\\ASUS\\Downloads\\FWMS\\FWMS\\public\\index.php')
CRITICAL - 2026-08-27 01:26:26 --> CodeIgniter\Exceptions\CriticalError: The required PHP extension "mysqli" is not loaded. Install and enable it to use "MySQLi" driver.
[Method: GET, Route: /]
in SYSTEMPATH\Database\Database.php on line 186.
 1 SYSTEMPATH\Database\Database.php(59): CodeIgniter\Database\Database->checkDbExtension('MySQLi')
 2 SYSTEMPATH\Database\Config.php(82): CodeIgniter\Database\Database->load([...], 'default')
 3 APPPATH\Controllers\Home.php(10): CodeIgniter\Database\Config::connect()
 4 SYSTEMPATH\CodeIgniter.php(974): App\Controllers\Home->index()
 5 SYSTEMPATH\CodeIgniter.php(520): CodeIgniter\CodeIgniter->runController(Object(App\Controllers\Home))
 6 SYSTEMPATH\CodeIgniter.php(363): CodeIgniter\CodeIgniter->handleRequest(null, Object(Config\Cache), false)
 7 SYSTEMPATH\Boot.php(417): CodeIgniter\CodeIgniter->run()
 8 SYSTEMPATH\Boot.php(68): CodeIgniter\Boot::runCodeIgniter(Object(CodeIgniter\CodeIgniter))
 9 FCPATH\index.php(59): CodeIgniter\Boot::bootWeb(Object(Config\Paths))
10 SYSTEMPATH\rewrite.php(44): require_once('C:\\Users\\ASUS\\Downloads\\FWMS\\FWMS\\public\\index.php')
CRITICAL - 2026-08-27 01:26:26 --> CodeIgniter\Exceptions\CriticalError: The required PHP extension "mysqli" is not loaded. Install and enable it to use "MySQLi" driver.
[Method: GET, Route: /]
in SYSTEMPATH\Database\Database.php on line 186.
 1 SYSTEMPATH\Database\Database.php(59): CodeIgniter\Database\Database->checkDbExtension('MySQLi')
 2 SYSTEMPATH\Database\Config.php(82): CodeIgniter\Database\Database->load([...], 'default')
 3 APPPATH\Controllers\Home.php(10): CodeIgniter\Database\Config::connect()
 4 SYSTEMPATH\CodeIgniter.php(974): App\Controllers\Home->index()
 5 SYSTEMPATH\CodeIgniter.php(520): CodeIgniter\CodeIgniter->runController(Object(App\Controllers\Home))
 6 SYSTEMPATH\CodeIgniter.php(363): CodeIgniter\CodeIgniter->handleRequest(null, Object(Config\Cache), false)
 7 SYSTEMPATH\Boot.php(417): CodeIgniter\CodeIgniter->run()
 8 SYSTEMPATH\Boot.php(68): CodeIgniter\Boot::runCodeIgniter(Object(CodeIgniter\CodeIgniter))
 9 FCPATH\index.php(59): CodeIgniter\Boot::bootWeb(Object(Config\Paths))
10 SYSTEMPATH\rewrite.php(44): require_once('C:\\Users\\ASUS\\Downloads\\FWMS\\FWMS\\public\\index.php')
CRITICAL - 2026-08-27 01:26:26 --> CodeIgniter\Exceptions\CriticalError: The required PHP extension "mysqli" is not loaded. Install and enable it to use "MySQLi" driver.
[Method: GET, Route: /]
in SYSTEMPATH\Database\Database.php on line 186.
 1 SYSTEMPATH\Database\Database.php(59): CodeIgniter\Database\Database->checkDbExtension('MySQLi')
 2 SYSTEMPATH\Database\Config.php(82): CodeIgniter\Database\Database->load([...], 'default')
 3 APPPATH\Controllers\Home.php(10): CodeIgniter\Database\Config::connect()
 4 SYSTEMPATH\CodeIgniter.php(974): App\Controllers\Home->index()
 5 SYSTEMPATH\CodeIgniter.php(520): CodeIgniter\CodeIgniter->runController(Object(App\Controllers\Home))
 6 SYSTEMPATH\CodeIgniter.php(363): CodeIgniter\CodeIgniter->handleRequest(null, Object(Config\Cache), false)
 7 SYSTEMPATH\Boot.php(417): CodeIgniter\CodeIgniter->run()
 8 SYSTEMPATH\Boot.php(68): CodeIgniter\Boot::runCodeIgniter(Object(CodeIgniter\CodeIgniter))
 9 FCPATH\index.php(59): CodeIgniter\Boot::bootWeb(Object(Config\Paths))
10 SYSTEMPATH\rewrite.php(44): require_once('C:\\Users\\ASUS\\Downloads\\FWMS\\FWMS\\public\\index.php')
CRITICAL - 2026-08-27 01:26:27 --> CodeIgniter\Exceptions\CriticalError: The required PHP extension "mysqli" is not loaded. Install and enable it to use "MySQLi" driver.
[Method: GET, Route: /]
in SYSTEMPATH\Database\Database.php on line 186.
 1 SYSTEMPATH\Database\Database.php(59): CodeIgniter\Database\Database->checkDbExtension('MySQLi')
 2 SYSTEMPATH\Database\Config.php(82): CodeIgniter\Database\Database->load([...], 'default')
 3 APPPATH\Controllers\Home.php(10): CodeIgniter\Database\Config::connect()
 4 SYSTEMPATH\CodeIgniter.php(974): App\Controllers\Home->index()
 5 SYSTEMPATH\CodeIgniter.php(520): CodeIgniter\CodeIgniter->runController(Object(App\Controllers\Home))
 6 SYSTEMPATH\CodeIgniter.php(363): CodeIgniter\CodeIgniter->handleRequest(null, Object(Config\Cache), false)
 7 SYSTEMPATH\Boot.php(417): CodeIgniter\CodeIgniter->run()
 8 SYSTEMPATH\Boot.php(68): CodeIgniter\Boot::runCodeIgniter(Object(CodeIgniter\CodeIgniter))
 9 FCPATH\index.php(59): CodeIgniter\Boot::bootWeb(Object(Config\Paths))
10 SYSTEMPATH\rewrite.php(44): require_once('C:\\Users\\ASUS\\Downloads\\FWMS\\FWMS\\public\\index.php')
CRITICAL - 2026-08-27 01:26:41 --> CodeIgniter\Exceptions\CriticalError: The required PHP extension "mysqli" is not loaded. Install and enable it to use "MySQLi" driver.
[Method: GET, Route: /]
in SYSTEMPATH\Database\Database.php on line 186.
 1 SYSTEMPATH\Database\Database.php(59): CodeIgniter\Database\Database->checkDbExtension('MySQLi')
 2 SYSTEMPATH\Database\Config.php(82): CodeIgniter\Database\Database->load([...], 'default')
 3 APPPATH\Controllers\Home.php(10): CodeIgniter\Database\Config::connect()
 4 SYSTEMPATH\CodeIgniter.php(974): App\Controllers\Home->index()
 5 SYSTEMPATH\CodeIgniter.php(520): CodeIgniter\CodeIgniter->runController(Object(App\Controllers\Home))
 6 SYSTEMPATH\CodeIgniter.php(363): CodeIgniter\CodeIgniter->handleRequest(null, Object(Config\Cache), false)
 7 SYSTEMPATH\Boot.php(417): CodeIgniter\CodeIgniter->run()
 8 SYSTEMPATH\Boot.php(68): CodeIgniter\Boot::runCodeIgniter(Object(CodeIgniter\CodeIgniter))
 9 FCPATH\index.php(59): CodeIgniter\Boot::bootWeb(Object(Config\Paths))
10 SYSTEMPATH\rewrite.php(44): require_once('C:\\Users\\ASUS\\Downloads\\FWMS\\FWMS\\public\\index.php')
CRITICAL - 2026-08-27 01:27:27 --> CodeIgniter\Exceptions\CriticalError: The required PHP extension "mysqli" is not loaded. Install and enable it to use "MySQLi" driver.
[Method: GET, Route: /]
in SYSTEMPATH\Database\Database.php on line 186.
 1 SYSTEMPATH\Database\Database.php(59): CodeIgniter\Database\Database->checkDbExtension('MySQLi')
 2 SYSTEMPATH\Database\Config.php(82): CodeIgniter\Database\Database->load([...], 'default')
 3 APPPATH\Controllers\Home.php(10): CodeIgniter\Database\Config::connect()
 4 SYSTEMPATH\CodeIgniter.php(974): App\Controllers\Home->index()
 5 SYSTEMPATH\CodeIgniter.php(520): CodeIgniter\CodeIgniter->runController(Object(App\Controllers\Home))
 6 SYSTEMPATH\CodeIgniter.php(363): CodeIgniter\CodeIgniter->handleRequest(null, Object(Config\Cache), false)
 7 SYSTEMPATH\Boot.php(417): CodeIgniter\CodeIgniter->run()
 8 SYSTEMPATH\Boot.php(68): CodeIgniter\Boot::runCodeIgniter(Object(CodeIgniter\CodeIgniter))
 9 FCPATH\index.php(59): CodeIgniter\Boot::bootWeb(Object(Config\Paths))
10 SYSTEMPATH\rewrite.php(44): require_once('C:\\Users\\ASUS\\Downloads\\FWMS\\FWMS\\public\\index.php')
CRITICAL - 2026-08-27 01:27:28 --> CodeIgniter\Exceptions\CriticalError: The required PHP extension "mysqli" is not loaded. Install and enable it to use "MySQLi" driver.
[Method: GET, Route: /]
in SYSTEMPATH\Database\Database.php on line 186.
 1 SYSTEMPATH\Database\Database.php(59): CodeIgniter\Database\Database->checkDbExtension('MySQLi')
 2 SYSTEMPATH\Database\Config.php(82): CodeIgniter\Database\Database->load([...], 'default')
 3 APPPATH\Controllers\Home.php(10): CodeIgniter\Database\Config::connect()
 4 SYSTEMPATH\CodeIgniter.php(974): App\Controllers\Home->index()
 5 SYSTEMPATH\CodeIgniter.php(520): CodeIgniter\CodeIgniter->runController(Object(App\Controllers\Home))
 6 SYSTEMPATH\CodeIgniter.php(363): CodeIgniter\CodeIgniter->handleRequest(null, Object(Config\Cache), false)
 7 SYSTEMPATH\Boot.php(417): CodeIgniter\CodeIgniter->run()
 8 SYSTEMPATH\Boot.php(68): CodeIgniter\Boot::runCodeIgniter(Object(CodeIgniter\CodeIgniter))
 9 FCPATH\index.php(59): CodeIgniter\Boot::bootWeb(Object(Config\Paths))
10 SYSTEMPATH\rewrite.php(44): require_once('C:\\Users\\ASUS\\Downloads\\FWMS\\FWMS\\public\\index.php')
CRITICAL - 2026-08-27 01:27:28 --> CodeIgniter\Exceptions\CriticalError: The required PHP extension "mysqli" is not loaded. Install and enable it to use "MySQLi" driver.
[Method: GET, Route: /]
in SYSTEMPATH\Database\Database.php on line 186.
 1 SYSTEMPATH\Database\Database.php(59): CodeIgniter\Database\Database->checkDbExtension('MySQLi')
 2 SYSTEMPATH\Database\Config.php(82): CodeIgniter\Database\Database->load([...], 'default')
 3 APPPATH\Controllers\Home.php(10): CodeIgniter\Database\Config::connect()
 4 SYSTEMPATH\CodeIgniter.php(974): App\Controllers\Home->index()
 5 SYSTEMPATH\CodeIgniter.php(520): CodeIgniter\CodeIgniter->runController(Object(App\Controllers\Home))
 6 SYSTEMPATH\CodeIgniter.php(363): CodeIgniter\CodeIgniter->handleRequest(null, Object(Config\Cache), false)
 7 SYSTEMPATH\Boot.php(417): CodeIgniter\CodeIgniter->run()
 8 SYSTEMPATH\Boot.php(68): CodeIgniter\Boot::runCodeIgniter(Object(CodeIgniter\CodeIgniter))
 9 FCPATH\index.php(59): CodeIgniter\Boot::bootWeb(Object(Config\Paths))
10 SYSTEMPATH\rewrite.php(44): require_once('C:\\Users\\ASUS\\Downloads\\FWMS\\FWMS\\public\\index.php')
CRITICAL - 2026-08-27 01:27:28 --> CodeIgniter\Exceptions\CriticalError: The required PHP extension "mysqli" is not loaded. Install and enable it to use "MySQLi" driver.
[Method: GET, Route: /]
in SYSTEMPATH\Database\Database.php on line 186.
 1 SYSTEMPATH\Database\Database.php(59): CodeIgniter\Database\Database->checkDbExtension('MySQLi')
 2 SYSTEMPATH\Database\Config.php(82): CodeIgniter\Database\Database->load([...], 'default')
 3 APPPATH\Controllers\Home.php(10): CodeIgniter\Database\Config::connect()
 4 SYSTEMPATH\CodeIgniter.php(974): App\Controllers\Home->index()
 5 SYSTEMPATH\CodeIgniter.php(520): CodeIgniter\CodeIgniter->runController(Object(App\Controllers\Home))
 6 SYSTEMPATH\CodeIgniter.php(363): CodeIgniter\CodeIgniter->handleRequest(null, Object(Config\Cache), false)
 7 SYSTEMPATH\Boot.php(417): CodeIgniter\CodeIgniter->run()
 8 SYSTEMPATH\Boot.php(68): CodeIgniter\Boot::runCodeIgniter(Object(CodeIgniter\CodeIgniter))
 9 FCPATH\index.php(59): CodeIgniter\Boot::bootWeb(Object(Config\Paths))
10 SYSTEMPATH\rewrite.php(44): require_once('C:\\Users\\ASUS\\Downloads\\FWMS\\FWMS\\public\\index.php')
CRITICAL - 2026-08-27 01:27:28 --> CodeIgniter\Exceptions\CriticalError: The required PHP extension "mysqli" is not loaded. Install and enable it to use "MySQLi" driver.
[Method: GET, Route: /]
in SYSTEMPATH\Database\Database.php on line 186.
 1 SYSTEMPATH\Database\Database.php(59): CodeIgniter\Database\Database->checkDbExtension('MySQLi')
 2 SYSTEMPATH\Database\Config.php(82): CodeIgniter\Database\Database->load([...], 'default')
 3 APPPATH\Controllers\Home.php(10): CodeIgniter\Database\Config::connect()
 4 SYSTEMPATH\CodeIgniter.php(974): App\Controllers\Home->index()
 5 SYSTEMPATH\CodeIgniter.php(520): CodeIgniter\CodeIgniter->runController(Object(App\Controllers\Home))
 6 SYSTEMPATH\CodeIgniter.php(363): CodeIgniter\CodeIgniter->handleRequest(null, Object(Config\Cache), false)
 7 SYSTEMPATH\Boot.php(417): CodeIgniter\CodeIgniter->run()
 8 SYSTEMPATH\Boot.php(68): CodeIgniter\Boot::runCodeIgniter(Object(CodeIgniter\CodeIgniter))
 9 FCPATH\index.php(59): CodeIgniter\Boot::bootWeb(Object(Config\Paths))
10 SYSTEMPATH\rewrite.php(44): require_once('C:\\Users\\ASUS\\Downloads\\FWMS\\FWMS\\public\\index.php')
CRITICAL - 2026-08-27 01:27:29 --> CodeIgniter\Exceptions\CriticalError: The required PHP extension "mysqli" is not loaded. Install and enable it to use "MySQLi" driver.
[Method: GET, Route: /]
in SYSTEMPATH\Database\Database.php on line 186.
 1 SYSTEMPATH\Database\Database.php(59): CodeIgniter\Database\Database->checkDbExtension('MySQLi')
 2 SYSTEMPATH\Database\Config.php(82): CodeIgniter\Database\Database->load([...], 'default')
 3 APPPATH\Controllers\Home.php(10): CodeIgniter\Database\Config::connect()
 4 SYSTEMPATH\CodeIgniter.php(974): App\Controllers\Home->index()
 5 SYSTEMPATH\CodeIgniter.php(520): CodeIgniter\CodeIgniter->runController(Object(App\Controllers\Home))
 6 SYSTEMPATH\CodeIgniter.php(363): CodeIgniter\CodeIgniter->handleRequest(null, Object(Config\Cache), false)
 7 SYSTEMPATH\Boot.php(417): CodeIgniter\CodeIgniter->run()
 8 SYSTEMPATH\Boot.php(68): CodeIgniter\Boot::runCodeIgniter(Object(CodeIgniter\CodeIgniter))
 9 FCPATH\index.php(59): CodeIgniter\Boot::bootWeb(Object(Config\Paths))
10 SYSTEMPATH\rewrite.php(44): require_once('C:\\Users\\ASUS\\Downloads\\FWMS\\FWMS\\public\\index.php')
CRITICAL - 2026-08-27 01:27:29 --> CodeIgniter\Exceptions\CriticalError: The required PHP extension "mysqli" is not loaded. Install and enable it to use "MySQLi" driver.
[Method: GET, Route: /]
in SYSTEMPATH\Database\Database.php on line 186.
 1 SYSTEMPATH\Database\Database.php(59): CodeIgniter\Database\Database->checkDbExtension('MySQLi')
 2 SYSTEMPATH\Database\Config.php(82): CodeIgniter\Database\Database->load([...], 'default')
 3 APPPATH\Controllers\Home.php(10): CodeIgniter\Database\Config::connect()
 4 SYSTEMPATH\CodeIgniter.php(974): App\Controllers\Home->index()
 5 SYSTEMPATH\CodeIgniter.php(520): CodeIgniter\CodeIgniter->runController(Object(App\Controllers\Home))
 6 SYSTEMPATH\CodeIgniter.php(363): CodeIgniter\CodeIgniter->handleRequest(null, Object(Config\Cache), false)
 7 SYSTEMPATH\Boot.php(417): CodeIgniter\CodeIgniter->run()
 8 SYSTEMPATH\Boot.php(68): CodeIgniter\Boot::runCodeIgniter(Object(CodeIgniter\CodeIgniter))
 9 FCPATH\index.php(59): CodeIgniter\Boot::bootWeb(Object(Config\Paths))
10 SYSTEMPATH\rewrite.php(44): require_once('C:\\Users\\ASUS\\Downloads\\FWMS\\FWMS\\public\\index.php')
CRITICAL - 2026-08-27 01:27:29 --> CodeIgniter\Exceptions\CriticalError: The required PHP extension "mysqli" is not loaded. Install and enable it to use "MySQLi" driver.
[Method: GET, Route: /]
in SYSTEMPATH\Database\Database.php on line 186.
 1 SYSTEMPATH\Database\Database.php(59): CodeIgniter\Database\Database->checkDbExtension('MySQLi')
 2 SYSTEMPATH\Database\Config.php(82): CodeIgniter\Database\Database->load([...], 'default')
 3 APPPATH\Controllers\Home.php(10): CodeIgniter\Database\Config::connect()
 4 SYSTEMPATH\CodeIgniter.php(974): App\Controllers\Home->index()
 5 SYSTEMPATH\CodeIgniter.php(520): CodeIgniter\CodeIgniter->runController(Object(App\Controllers\Home))
 6 SYSTEMPATH\CodeIgniter.php(363): CodeIgniter\CodeIgniter->handleRequest(null, Object(Config\Cache), false)
 7 SYSTEMPATH\Boot.php(417): CodeIgniter\CodeIgniter->run()
 8 SYSTEMPATH\Boot.php(68): CodeIgniter\Boot::runCodeIgniter(Object(CodeIgniter\CodeIgniter))
 9 FCPATH\index.php(59): CodeIgniter\Boot::bootWeb(Object(Config\Paths))
10 SYSTEMPATH\rewrite.php(44): require_once('C:\\Users\\ASUS\\Downloads\\FWMS\\FWMS\\public\\index.php')
CRITICAL - 2026-08-27 01:27:29 --> CodeIgniter\Exceptions\CriticalError: The required PHP extension "mysqli" is not loaded. Install and enable it to use "MySQLi" driver.
[Method: GET, Route: /]
in SYSTEMPATH\Database\Database.php on line 186.
 1 SYSTEMPATH\Database\Database.php(59): CodeIgniter\Database\Database->checkDbExtension('MySQLi')
 2 SYSTEMPATH\Database\Config.php(82): CodeIgniter\Database\Database->load([...], 'default')
 3 APPPATH\Controllers\Home.php(10): CodeIgniter\Database\Config::connect()
 4 SYSTEMPATH\CodeIgniter.php(974): App\Controllers\Home->index()
 5 SYSTEMPATH\CodeIgniter.php(520): CodeIgniter\CodeIgniter->runController(Object(App\Controllers\Home))
 6 SYSTEMPATH\CodeIgniter.php(363): CodeIgniter\CodeIgniter->handleRequest(null, Object(Config\Cache), false)
 7 SYSTEMPATH\Boot.php(417): CodeIgniter\CodeIgniter->run()
 8 SYSTEMPATH\Boot.php(68): CodeIgniter\Boot::runCodeIgniter(Object(CodeIgniter\CodeIgniter))
 9 FCPATH\index.php(59): CodeIgniter\Boot::bootWeb(Object(Config\Paths))
10 SYSTEMPATH\rewrite.php(44): require_once('C:\\Users\\ASUS\\Downloads\\FWMS\\FWMS\\public\\index.php')
CRITICAL - 2026-08-27 01:27:29 --> CodeIgniter\Exceptions\CriticalError: The required PHP extension "mysqli" is not loaded. Install and enable it to use "MySQLi" driver.
[Method: GET, Route: /]
in SYSTEMPATH\Database\Database.php on line 186.
 1 SYSTEMPATH\Database\Database.php(59): CodeIgniter\Database\Database->checkDbExtension('MySQLi')
 2 SYSTEMPATH\Database\Config.php(82): CodeIgniter\Database\Database->load([...], 'default')
 3 APPPATH\Controllers\Home.php(10): CodeIgniter\Database\Config::connect()
 4 SYSTEMPATH\CodeIgniter.php(974): App\Controllers\Home->index()
 5 SYSTEMPATH\CodeIgniter.php(520): CodeIgniter\CodeIgniter->runController(Object(App\Controllers\Home))
 6 SYSTEMPATH\CodeIgniter.php(363): CodeIgniter\CodeIgniter->handleRequest(null, Object(Config\Cache), false)
 7 SYSTEMPATH\Boot.php(417): CodeIgniter\CodeIgniter->run()
 8 SYSTEMPATH\Boot.php(68): CodeIgniter\Boot::runCodeIgniter(Object(CodeIgniter\CodeIgniter))
 9 FCPATH\index.php(59): CodeIgniter\Boot::bootWeb(Object(Config\Paths))
10 SYSTEMPATH\rewrite.php(44): require_once('C:\\Users\\ASUS\\Downloads\\FWMS\\FWMS\\public\\index.php')
CRITICAL - 2026-08-27 01:27:30 --> CodeIgniter\Exceptions\CriticalError: The required PHP extension "mysqli" is not loaded. Install and enable it to use "MySQLi" driver.
[Method: GET, Route: /]
in SYSTEMPATH\Database\Database.php on line 186.
 1 SYSTEMPATH\Database\Database.php(59): CodeIgniter\Database\Database->checkDbExtension('MySQLi')
 2 SYSTEMPATH\Database\Config.php(82): CodeIgniter\Database\Database->load([...], 'default')
 3 APPPATH\Controllers\Home.php(10): CodeIgniter\Database\Config::connect()
 4 SYSTEMPATH\CodeIgniter.php(974): App\Controllers\Home->index()
 5 SYSTEMPATH\CodeIgniter.php(520): CodeIgniter\CodeIgniter->runController(Object(App\Controllers\Home))
 6 SYSTEMPATH\CodeIgniter.php(363): CodeIgniter\CodeIgniter->handleRequest(null, Object(Config\Cache), false)
 7 SYSTEMPATH\Boot.php(417): CodeIgniter\CodeIgniter->run()
 8 SYSTEMPATH\Boot.php(68): CodeIgniter\Boot::runCodeIgniter(Object(CodeIgniter\CodeIgniter))
 9 FCPATH\index.php(59): CodeIgniter\Boot::bootWeb(Object(Config\Paths))
10 SYSTEMPATH\rewrite.php(44): require_once('C:\\Users\\ASUS\\Downloads\\FWMS\\FWMS\\public\\index.php')
CRITICAL - 2026-08-27 01:27:30 --> CodeIgniter\Exceptions\CriticalError: The required PHP extension "mysqli" is not loaded. Install and enable it to use "MySQLi" driver.
[Method: GET, Route: /]
in SYSTEMPATH\Database\Database.php on line 186.
 1 SYSTEMPATH\Database\Database.php(59): CodeIgniter\Database\Database->checkDbExtension('MySQLi')
 2 SYSTEMPATH\Database\Config.php(82): CodeIgniter\Database\Database->load([...], 'default')
 3 APPPATH\Controllers\Home.php(10): CodeIgniter\Database\Config::connect()
 4 SYSTEMPATH\CodeIgniter.php(974): App\Controllers\Home->index()
 5 SYSTEMPATH\CodeIgniter.php(520): CodeIgniter\CodeIgniter->runController(Object(App\Controllers\Home))
 6 SYSTEMPATH\CodeIgniter.php(363): CodeIgniter\CodeIgniter->handleRequest(null, Object(Config\Cache), false)
 7 SYSTEMPATH\Boot.php(417): CodeIgniter\CodeIgniter->run()
 8 SYSTEMPATH\Boot.php(68): CodeIgniter\Boot::runCodeIgniter(Object(CodeIgniter\CodeIgniter))
 9 FCPATH\index.php(59): CodeIgniter\Boot::bootWeb(Object(Config\Paths))
10 SYSTEMPATH\rewrite.php(44): require_once('C:\\Users\\ASUS\\Downloads\\FWMS\\FWMS\\public\\index.php')
CRITICAL - 2026-08-27 01:27:30 --> CodeIgniter\Exceptions\CriticalError: The required PHP extension "mysqli" is not loaded. Install and enable it to use "MySQLi" driver.
[Method: GET, Route: /]
in SYSTEMPATH\Database\Database.php on line 186.
 1 SYSTEMPATH\Database\Database.php(59): CodeIgniter\Database\Database->checkDbExtension('MySQLi')
 2 SYSTEMPATH\Database\Config.php(82): CodeIgniter\Database\Database->load([...], 'default')
 3 APPPATH\Controllers\Home.php(10): CodeIgniter\Database\Config::connect()
 4 SYSTEMPATH\CodeIgniter.php(974): App\Controllers\Home->index()
 5 SYSTEMPATH\CodeIgniter.php(520): CodeIgniter\CodeIgniter->runController(Object(App\Controllers\Home))
 6 SYSTEMPATH\CodeIgniter.php(363): CodeIgniter\CodeIgniter->handleRequest(null, Object(Config\Cache), false)
 7 SYSTEMPATH\Boot.php(417): CodeIgniter\CodeIgniter->run()
 8 SYSTEMPATH\Boot.php(68): CodeIgniter\Boot::runCodeIgniter(Object(CodeIgniter\CodeIgniter))
 9 FCPATH\index.php(59): CodeIgniter\Boot::bootWeb(Object(Config\Paths))
10 SYSTEMPATH\rewrite.php(44): require_once('C:\\Users\\ASUS\\Downloads\\FWMS\\FWMS\\public\\index.php')
CRITICAL - 2026-08-27 01:27:30 --> CodeIgniter\Exceptions\CriticalError: The required PHP extension "mysqli" is not loaded. Install and enable it to use "MySQLi" driver.
[Method: GET, Route: /]
in SYSTEMPATH\Database\Database.php on line 186.
 1 SYSTEMPATH\Database\Database.php(59): CodeIgniter\Database\Database->checkDbExtension('MySQLi')
 2 SYSTEMPATH\Database\Config.php(82): CodeIgniter\Database\Database->load([...], 'default')
 3 APPPATH\Controllers\Home.php(10): CodeIgniter\Database\Config::connect()
 4 SYSTEMPATH\CodeIgniter.php(974): App\Controllers\Home->index()
 5 SYSTEMPATH\CodeIgniter.php(520): CodeIgniter\CodeIgniter->runController(Object(App\Controllers\Home))
 6 SYSTEMPATH\CodeIgniter.php(363): CodeIgniter\CodeIgniter->handleRequest(null, Object(Config\Cache), false)
 7 SYSTEMPATH\Boot.php(417): CodeIgniter\CodeIgniter->run()
 8 SYSTEMPATH\Boot.php(68): CodeIgniter\Boot::runCodeIgniter(Object(CodeIgniter\CodeIgniter))
 9 FCPATH\index.php(59): CodeIgniter\Boot::bootWeb(Object(Config\Paths))
10 SYSTEMPATH\rewrite.php(44): require_once('C:\\Users\\ASUS\\Downloads\\FWMS\\FWMS\\public\\index.php')
CRITICAL - 2026-08-27 01:27:30 --> CodeIgniter\Exceptions\CriticalError: The required PHP extension "mysqli" is not loaded. Install and enable it to use "MySQLi" driver.
[Method: GET, Route: /]
in SYSTEMPATH\Database\Database.php on line 186.
 1 SYSTEMPATH\Database\Database.php(59): CodeIgniter\Database\Database->checkDbExtension('MySQLi')
 2 SYSTEMPATH\Database\Config.php(82): CodeIgniter\Database\Database->load([...], 'default')
 3 APPPATH\Controllers\Home.php(10): CodeIgniter\Database\Config::connect()
 4 SYSTEMPATH\CodeIgniter.php(974): App\Controllers\Home->index()
 5 SYSTEMPATH\CodeIgniter.php(520): CodeIgniter\CodeIgniter->runController(Object(App\Controllers\Home))
 6 SYSTEMPATH\CodeIgniter.php(363): CodeIgniter\CodeIgniter->handleRequest(null, Object(Config\Cache), false)
 7 SYSTEMPATH\Boot.php(417): CodeIgniter\CodeIgniter->run()
 8 SYSTEMPATH\Boot.php(68): CodeIgniter\Boot::runCodeIgniter(Object(CodeIgniter\CodeIgniter))
 9 FCPATH\index.php(59): CodeIgniter\Boot::bootWeb(Object(Config\Paths))
10 SYSTEMPATH\rewrite.php(44): require_once('C:\\Users\\ASUS\\Downloads\\FWMS\\FWMS\\public\\index.php')
CRITICAL - 2026-08-27 01:27:31 --> CodeIgniter\Exceptions\CriticalError: The required PHP extension "mysqli" is not loaded. Install and enable it to use "MySQLi" driver.
[Method: GET, Route: /]
in SYSTEMPATH\Database\Database.php on line 186.
 1 SYSTEMPATH\Database\Database.php(59): CodeIgniter\Database\Database->checkDbExtension('MySQLi')
 2 SYSTEMPATH\Database\Config.php(82): CodeIgniter\Database\Database->load([...], 'default')
 3 APPPATH\Controllers\Home.php(10): CodeIgniter\Database\Config::connect()
 4 SYSTEMPATH\CodeIgniter.php(974): App\Controllers\Home->index()
 5 SYSTEMPATH\CodeIgniter.php(520): CodeIgniter\CodeIgniter->runController(Object(App\Controllers\Home))
 6 SYSTEMPATH\CodeIgniter.php(363): CodeIgniter\CodeIgniter->handleRequest(null, Object(Config\Cache), false)
 7 SYSTEMPATH\Boot.php(417): CodeIgniter\CodeIgniter->run()
 8 SYSTEMPATH\Boot.php(68): CodeIgniter\Boot::runCodeIgniter(Object(CodeIgniter\CodeIgniter))
 9 FCPATH\index.php(59): CodeIgniter\Boot::bootWeb(Object(Config\Paths))
10 SYSTEMPATH\rewrite.php(44): require_once('C:\\Users\\ASUS\\Downloads\\FWMS\\FWMS\\public\\index.php')
CRITICAL - 2026-08-27 01:27:31 --> CodeIgniter\Exceptions\CriticalError: The required PHP extension "mysqli" is not loaded. Install and enable it to use "MySQLi" driver.
[Method: GET, Route: /]
in SYSTEMPATH\Database\Database.php on line 186.
 1 SYSTEMPATH\Database\Database.php(59): CodeIgniter\Database\Database->checkDbExtension('MySQLi')
 2 SYSTEMPATH\Database\Config.php(82): CodeIgniter\Database\Database->load([...], 'default')
 3 APPPATH\Controllers\Home.php(10): CodeIgniter\Database\Config::connect()
 4 SYSTEMPATH\CodeIgniter.php(974): App\Controllers\Home->index()
 5 SYSTEMPATH\CodeIgniter.php(520): CodeIgniter\CodeIgniter->runController(Object(App\Controllers\Home))
 6 SYSTEMPATH\CodeIgniter.php(363): CodeIgniter\CodeIgniter->handleRequest(null, Object(Config\Cache), false)
 7 SYSTEMPATH\Boot.php(417): CodeIgniter\CodeIgniter->run()
 8 SYSTEMPATH\Boot.php(68): CodeIgniter\Boot::runCodeIgniter(Object(CodeIgniter\CodeIgniter))
 9 FCPATH\index.php(59): CodeIgniter\Boot::bootWeb(Object(Config\Paths))
10 SYSTEMPATH\rewrite.php(44): require_once('C:\\Users\\ASUS\\Downloads\\FWMS\\FWMS\\public\\index.php')
CRITICAL - 2026-08-27 01:27:31 --> CodeIgniter\Exceptions\CriticalError: The required PHP extension "mysqli" is not loaded. Install and enable it to use "MySQLi" driver.
[Method: GET, Route: /]
in SYSTEMPATH\Database\Database.php on line 186.
 1 SYSTEMPATH\Database\Database.php(59): CodeIgniter\Database\Database->checkDbExtension('MySQLi')
 2 SYSTEMPATH\Database\Config.php(82): CodeIgniter\Database\Database->load([...], 'default')
 3 APPPATH\Controllers\Home.php(10): CodeIgniter\Database\Config::connect()
 4 SYSTEMPATH\CodeIgniter.php(974): App\Controllers\Home->index()
 5 SYSTEMPATH\CodeIgniter.php(520): CodeIgniter\CodeIgniter->runController(Object(App\Controllers\Home))
 6 SYSTEMPATH\CodeIgniter.php(363): CodeIgniter\CodeIgniter->handleRequest(null, Object(Config\Cache), false)
 7 SYSTEMPATH\Boot.php(417): CodeIgniter\CodeIgniter->run()
 8 SYSTEMPATH\Boot.php(68): CodeIgniter\Boot::runCodeIgniter(Object(CodeIgniter\CodeIgniter))
 9 FCPATH\index.php(59): CodeIgniter\Boot::bootWeb(Object(Config\Paths))
10 SYSTEMPATH\rewrite.php(44): require_once('C:\\Users\\ASUS\\Downloads\\FWMS\\FWMS\\public\\index.php')
CRITICAL - 2026-08-27 01:27:31 --> CodeIgniter\Exceptions\CriticalError: The required PHP extension "mysqli" is not loaded. Install and enable it to use "MySQLi" driver.
[Method: GET, Route: /]
in SYSTEMPATH\Database\Database.php on line 186.
 1 SYSTEMPATH\Database\Database.php(59): CodeIgniter\Database\Database->checkDbExtension('MySQLi')
 2 SYSTEMPATH\Database\Config.php(82): CodeIgniter\Database\Database->load([...], 'default')
 3 APPPATH\Controllers\Home.php(10): CodeIgniter\Database\Config::connect()
 4 SYSTEMPATH\CodeIgniter.php(974): App\Controllers\Home->index()
 5 SYSTEMPATH\CodeIgniter.php(520): CodeIgniter\CodeIgniter->runController(Object(App\Controllers\Home))
 6 SYSTEMPATH\CodeIgniter.php(363): CodeIgniter\CodeIgniter->handleRequest(null, Object(Config\Cache), false)
 7 SYSTEMPATH\Boot.php(417): CodeIgniter\CodeIgniter->run()
 8 SYSTEMPATH\Boot.php(68): CodeIgniter\Boot::runCodeIgniter(Object(CodeIgniter\CodeIgniter))
 9 FCPATH\index.php(59): CodeIgniter\Boot::bootWeb(Object(Config\Paths))
10 SYSTEMPATH\rewrite.php(44): require_once('C:\\Users\\ASUS\\Downloads\\FWMS\\FWMS\\public\\index.php')
CRITICAL - 2026-08-27 01:27:31 --> CodeIgniter\Exceptions\CriticalError: The required PHP extension "mysqli" is not loaded. Install and enable it to use "MySQLi" driver.
[Method: GET, Route: /]
in SYSTEMPATH\Database\Database.php on line 186.
 1 SYSTEMPATH\Database\Database.php(59): CodeIgniter\Database\Database->checkDbExtension('MySQLi')
 2 SYSTEMPATH\Database\Config.php(82): CodeIgniter\Database\Database->load([...], 'default')
 3 APPPATH\Controllers\Home.php(10): CodeIgniter\Database\Config::connect()
 4 SYSTEMPATH\CodeIgniter.php(974): App\Controllers\Home->index()
 5 SYSTEMPATH\CodeIgniter.php(520): CodeIgniter\CodeIgniter->runController(Object(App\Controllers\Home))
 6 SYSTEMPATH\CodeIgniter.php(363): CodeIgniter\CodeIgniter->handleRequest(null, Object(Config\Cache), false)
 7 SYSTEMPATH\Boot.php(417): CodeIgniter\CodeIgniter->run()
 8 SYSTEMPATH\Boot.php(68): CodeIgniter\Boot::runCodeIgniter(Object(CodeIgniter\CodeIgniter))
 9 FCPATH\index.php(59): CodeIgniter\Boot::bootWeb(Object(Config\Paths))
10 SYSTEMPATH\rewrite.php(44): require_once('C:\\Users\\ASUS\\Downloads\\FWMS\\FWMS\\public\\index.php')
CRITICAL - 2026-08-27 01:27:32 --> CodeIgniter\Exceptions\CriticalError: The required PHP extension "mysqli" is not loaded. Install and enable it to use "MySQLi" driver.
[Method: GET, Route: /]
in SYSTEMPATH\Database\Database.php on line 186.
 1 SYSTEMPATH\Database\Database.php(59): CodeIgniter\Database\Database->checkDbExtension('MySQLi')
 2 SYSTEMPATH\Database\Config.php(82): CodeIgniter\Database\Database->load([...], 'default')
 3 APPPATH\Controllers\Home.php(10): CodeIgniter\Database\Config::connect()
 4 SYSTEMPATH\CodeIgniter.php(974): App\Controllers\Home->index()
 5 SYSTEMPATH\CodeIgniter.php(520): CodeIgniter\CodeIgniter->runController(Object(App\Controllers\Home))
 6 SYSTEMPATH\CodeIgniter.php(363): CodeIgniter\CodeIgniter->handleRequest(null, Object(Config\Cache), false)
 7 SYSTEMPATH\Boot.php(417): CodeIgniter\CodeIgniter->run()
 8 SYSTEMPATH\Boot.php(68): CodeIgniter\Boot::runCodeIgniter(Object(CodeIgniter\CodeIgniter))
 9 FCPATH\index.php(59): CodeIgniter\Boot::bootWeb(Object(Config\Paths))
10 SYSTEMPATH\rewrite.php(44): require_once('C:\\Users\\ASUS\\Downloads\\FWMS\\FWMS\\public\\index.php')
CRITICAL - 2026-08-27 01:27:44 --> CodeIgniter\Exceptions\CriticalError: The required PHP extension "mysqli" is not loaded. Install and enable it to use "MySQLi" driver.
[Method: GET, Route: /]
in SYSTEMPATH\Database\Database.php on line 186.
 1 SYSTEMPATH\Database\Database.php(59): CodeIgniter\Database\Database->checkDbExtension('MySQLi')
 2 SYSTEMPATH\Database\Config.php(82): CodeIgniter\Database\Database->load([...], 'default')
 3 APPPATH\Controllers\Home.php(10): CodeIgniter\Database\Config::connect()
 4 SYSTEMPATH\CodeIgniter.php(974): App\Controllers\Home->index()
 5 SYSTEMPATH\CodeIgniter.php(520): CodeIgniter\CodeIgniter->runController(Object(App\Controllers\Home))
 6 SYSTEMPATH\CodeIgniter.php(363): CodeIgniter\CodeIgniter->handleRequest(null, Object(Config\Cache), false)
 7 SYSTEMPATH\Boot.php(417): CodeIgniter\CodeIgniter->run()
 8 SYSTEMPATH\Boot.php(68): CodeIgniter\Boot::runCodeIgniter(Object(CodeIgniter\CodeIgniter))
 9 FCPATH\index.php(59): CodeIgniter\Boot::bootWeb(Object(Config\Paths))
10 SYSTEMPATH\rewrite.php(44): require_once('C:\\Users\\ASUS\\Downloads\\FWMS\\FWMS\\public\\index.php')
CRITICAL - 2026-08-27 01:27:50 --> CodeIgniter\Exceptions\CriticalError: The required PHP extension "mysqli" is not loaded. Install and enable it to use "MySQLi" driver.
[Method: GET, Route: /]
in SYSTEMPATH\Database\Database.php on line 186.
 1 SYSTEMPATH\Database\Database.php(59): CodeIgniter\Database\Database->checkDbExtension('MySQLi')
 2 SYSTEMPATH\Database\Config.php(82): CodeIgniter\Database\Database->load([...], 'default')
 3 APPPATH\Controllers\Home.php(10): CodeIgniter\Database\Config::connect()
 4 SYSTEMPATH\CodeIgniter.php(974): App\Controllers\Home->index()
 5 SYSTEMPATH\CodeIgniter.php(520): CodeIgniter\CodeIgniter->runController(Object(App\Controllers\Home))
 6 SYSTEMPATH\CodeIgniter.php(363): CodeIgniter\CodeIgniter->handleRequest(null, Object(Config\Cache), false)
 7 SYSTEMPATH\Boot.php(417): CodeIgniter\CodeIgniter->run()
 8 SYSTEMPATH\Boot.php(68): CodeIgniter\Boot::runCodeIgniter(Object(CodeIgniter\CodeIgniter))
 9 FCPATH\index.php(59): CodeIgniter\Boot::bootWeb(Object(Config\Paths))
10 SYSTEMPATH\rewrite.php(44): require_once('C:\\Users\\ASUS\\Downloads\\FWMS\\FWMS\\public\\index.php')
CRITICAL - 2026-08-27 01:27:50 --> CodeIgniter\Exceptions\CriticalError: The required PHP extension "mysqli" is not loaded. Install and enable it to use "MySQLi" driver.
[Method: GET, Route: /]
in SYSTEMPATH\Database\Database.php on line 186.
 1 SYSTEMPATH\Database\Database.php(59): CodeIgniter\Database\Database->checkDbExtension('MySQLi')
 2 SYSTEMPATH\Database\Config.php(82): CodeIgniter\Database\Database->load([...], 'default')
 3 APPPATH\Controllers\Home.php(10): CodeIgniter\Database\Config::connect()
 4 SYSTEMPATH\CodeIgniter.php(974): App\Controllers\Home->index()
 5 SYSTEMPATH\CodeIgniter.php(520): CodeIgniter\CodeIgniter->runController(Object(App\Controllers\Home))
 6 SYSTEMPATH\CodeIgniter.php(363): CodeIgniter\CodeIgniter->handleRequest(null, Object(Config\Cache), false)
 7 SYSTEMPATH\Boot.php(417): CodeIgniter\CodeIgniter->run()
 8 SYSTEMPATH\Boot.php(68): CodeIgniter\Boot::runCodeIgniter(Object(CodeIgniter\CodeIgniter))
 9 FCPATH\index.php(59): CodeIgniter\Boot::bootWeb(Object(Config\Paths))
10 SYSTEMPATH\rewrite.php(44): require_once('C:\\Users\\ASUS\\Downloads\\FWMS\\FWMS\\public\\index.php')
CRITICAL - 2026-08-27 01:29:46 --> CodeIgniter\Exceptions\CriticalError: The required PHP extension "mysqli" is not loaded. Install and enable it to use "MySQLi" driver.
[Method: GET, Route: /]
in SYSTEMPATH\Database\Database.php on line 186.
 1 SYSTEMPATH\Database\Database.php(59): CodeIgniter\Database\Database->checkDbExtension('MySQLi')
 2 SYSTEMPATH\Database\Config.php(82): CodeIgniter\Database\Database->load([...], 'default')
 3 APPPATH\Controllers\Home.php(10): CodeIgniter\Database\Config::connect()
 4 SYSTEMPATH\CodeIgniter.php(974): App\Controllers\Home->index()
 5 SYSTEMPATH\CodeIgniter.php(520): CodeIgniter\CodeIgniter->runController(Object(App\Controllers\Home))
 6 SYSTEMPATH\CodeIgniter.php(363): CodeIgniter\CodeIgniter->handleRequest(null, Object(Config\Cache), false)
 7 SYSTEMPATH\Boot.php(417): CodeIgniter\CodeIgniter->run()
 8 SYSTEMPATH\Boot.php(68): CodeIgniter\Boot::runCodeIgniter(Object(CodeIgniter\CodeIgniter))
 9 FCPATH\index.php(59): CodeIgniter\Boot::bootWeb(Object(Config\Paths))
10 SYSTEMPATH\rewrite.php(44): require_once('C:\\Users\\ASUS\\Downloads\\FWMS\\FWMS\\public\\index.php')
ERROR - 2026-08-27 01:32:40 --> Error connecting to the database: mysqli_sql_exception: Access denied for user ''@'localhost' (using password: YES) in C:\Users\ASUS\Downloads\FWMS\FWMS\system\Database\MySQLi\Connection.php:201
Stack trace:
#0 C:\Users\ASUS\Downloads\FWMS\FWMS\system\Database\MySQLi\Connection.php(201): mysqli->real_connect('localhost', '', Object(SensitiveParameterValue), '', 3306, '', 0)
#1 C:\Users\ASUS\Downloads\FWMS\FWMS\system\Database\BaseConnection.php(555): CodeIgniter\Database\MySQLi\Connection->connect(false)
#2 C:\Users\ASUS\Downloads\FWMS\FWMS\system\Database\BaseConnection.php(795): CodeIgniter\Database\BaseConnection->initialize()
#3 C:\Users\ASUS\Downloads\FWMS\FWMS\app\Controllers\Home.php(14): CodeIgniter\Database\BaseConnection->query('SELECT 1')
#4 C:\Users\ASUS\Downloads\FWMS\FWMS\system\CodeIgniter.php(974): App\Controllers\Home->index()
#5 C:\Users\ASUS\Downloads\FWMS\FWMS\system\CodeIgniter.php(520): CodeIgniter\CodeIgniter->runController(Object(App\Controllers\Home))
#6 C:\Users\ASUS\Downloads\FWMS\FWMS\system\CodeIgniter.php(363): CodeIgniter\CodeIgniter->handleRequest(NULL, Object(Config\Cache), false)
#7 C:\Users\ASUS\Downloads\FWMS\FWMS\system\Boot.php(417): CodeIgniter\CodeIgniter->run()
#8 C:\Users\ASUS\Downloads\FWMS\FWMS\system\Boot.php(68): CodeIgniter\Boot::runCodeIgniter(Object(CodeIgniter\CodeIgniter))
#9 C:\Users\ASUS\Downloads\FWMS\FWMS\public\index.php(59): CodeIgniter\Boot::bootWeb(Object(Config\Paths))
#10 C:\Users\ASUS\Downloads\FWMS\FWMS\system\rewrite.php(44): require_once('C:\\Users\\ASUS\\D...')
#11 {main}

Next CodeIgniter\Database\Exceptions\DatabaseException: Access denied for user ''@'localhost' (using password: YES) in C:\Users\ASUS\Downloads\FWMS\FWMS\system\Database\MySQLi\Connection.php:231
Stack trace:
#0 C:\Users\ASUS\Downloads\FWMS\FWMS\system\Database\BaseConnection.php(555): CodeIgniter\Database\MySQLi\Connection->connect(false)
#1 C:\Users\ASUS\Downloads\FWMS\FWMS\system\Database\BaseConnection.php(795): CodeIgniter\Database\BaseConnection->initialize()
#2 C:\Users\ASUS\Downloads\FWMS\FWMS\app\Controllers\Home.php(14): CodeIgniter\Database\BaseConnection->query('SELECT 1')
#3 C:\Users\ASUS\Downloads\FWMS\FWMS\system\CodeIgniter.php(974): App\Controllers\Home->index()
#4 C:\Users\ASUS\Downloads\FWMS\FWMS\system\CodeIgniter.php(520): CodeIgniter\CodeIgniter->runController(Object(App\Controllers\Home))
#5 C:\Users\ASUS\Downloads\FWMS\FWMS\system\CodeIgniter.php(363): CodeIgniter\CodeIgniter->handleRequest(NULL, Object(Config\Cache), false)
#6 C:\Users\ASUS\Downloads\FWMS\FWMS\system\Boot.php(417): CodeIgniter\CodeIgniter->run()
#7 C:\Users\ASUS\Downloads\FWMS\FWMS\system\Boot.php(68): CodeIgniter\Boot::runCodeIgniter(Object(CodeIgniter\CodeIgniter))
#8 C:\Users\ASUS\Downloads\FWMS\FWMS\public\index.php(59): CodeIgniter\Boot::bootWeb(Object(Config\Paths))
#9 C:\Users\ASUS\Downloads\FWMS\FWMS\system\rewrite.php(44): require_once('C:\\Users\\ASUS\\D...')
#10 {main}
ERROR - 2026-08-27 01:32:42 --> Error connecting to the database: mysqli_sql_exception: Access denied for user ''@'localhost' (using password: YES) in C:\Users\ASUS\Downloads\FWMS\FWMS\system\Database\MySQLi\Connection.php:201
Stack trace:
#0 C:\Users\ASUS\Downloads\FWMS\FWMS\system\Database\MySQLi\Connection.php(201): mysqli->real_connect('localhost', '', Object(SensitiveParameterValue), '', 3306, '', 0)
#1 C:\Users\ASUS\Downloads\FWMS\FWMS\system\Database\BaseConnection.php(555): CodeIgniter\Database\MySQLi\Connection->connect(false)
#2 C:\Users\ASUS\Downloads\FWMS\FWMS\system\Database\BaseConnection.php(795): CodeIgniter\Database\BaseConnection->initialize()
#3 C:\Users\ASUS\Downloads\FWMS\FWMS\app\Controllers\Home.php(14): CodeIgniter\Database\BaseConnection->query('SELECT 1')
#4 C:\Users\ASUS\Downloads\FWMS\FWMS\system\CodeIgniter.php(974): App\Controllers\Home->index()
#5 C:\Users\ASUS\Downloads\FWMS\FWMS\system\CodeIgniter.php(520): CodeIgniter\CodeIgniter->runController(Object(App\Controllers\Home))
#6 C:\Users\ASUS\Downloads\FWMS\FWMS\system\CodeIgniter.php(363): CodeIgniter\CodeIgniter->handleRequest(NULL, Object(Config\Cache), false)
#7 C:\Users\ASUS\Downloads\FWMS\FWMS\system\Boot.php(417): CodeIgniter\CodeIgniter->run()
#8 C:\Users\ASUS\Downloads\FWMS\FWMS\system\Boot.php(68): CodeIgniter\Boot::runCodeIgniter(Object(CodeIgniter\CodeIgniter))
#9 C:\Users\ASUS\Downloads\FWMS\FWMS\public\index.php(59): CodeIgniter\Boot::bootWeb(Object(Config\Paths))
#10 C:\Users\ASUS\Downloads\FWMS\FWMS\system\rewrite.php(44): require_once('C:\\Users\\ASUS\\D...')
#11 {main}

Next CodeIgniter\Database\Exceptions\DatabaseException: Access denied for user ''@'localhost' (using password: YES) in C:\Users\ASUS\Downloads\FWMS\FWMS\system\Database\MySQLi\Connection.php:231
Stack trace:
#0 C:\Users\ASUS\Downloads\FWMS\FWMS\system\Database\BaseConnection.php(555): CodeIgniter\Database\MySQLi\Connection->connect(false)
#1 C:\Users\ASUS\Downloads\FWMS\FWMS\system\Database\BaseConnection.php(795): CodeIgniter\Database\BaseConnection->initialize()
#2 C:\Users\ASUS\Downloads\FWMS\FWMS\app\Controllers\Home.php(14): CodeIgniter\Database\BaseConnection->query('SELECT 1')
#3 C:\Users\ASUS\Downloads\FWMS\FWMS\system\CodeIgniter.php(974): App\Controllers\Home->index()
#4 C:\Users\ASUS\Downloads\FWMS\FWMS\system\CodeIgniter.php(520): CodeIgniter\CodeIgniter->runController(Object(App\Controllers\Home))
#5 C:\Users\ASUS\Downloads\FWMS\FWMS\system\CodeIgniter.php(363): CodeIgniter\CodeIgniter->handleRequest(NULL, Object(Config\Cache), false)
#6 C:\Users\ASUS\Downloads\FWMS\FWMS\system\Boot.php(417): CodeIgniter\CodeIgniter->run()
#7 C:\Users\ASUS\Downloads\FWMS\FWMS\system\Boot.php(68): CodeIgniter\Boot::runCodeIgniter(Object(CodeIgniter\CodeIgniter))
#8 C:\Users\ASUS\Downloads\FWMS\FWMS\public\index.php(59): CodeIgniter\Boot::bootWeb(Object(Config\Paths))
#9 C:\Users\ASUS\Downloads\FWMS\FWMS\system\rewrite.php(44): require_once('C:\\Users\\ASUS\\D...')
#10 {main}
ERROR - 2026-08-27 01:32:42 --> Error connecting to the database: mysqli_sql_exception: Access denied for user ''@'localhost' (using password: YES) in C:\Users\ASUS\Downloads\FWMS\FWMS\system\Database\MySQLi\Connection.php:201
Stack trace:
#0 C:\Users\ASUS\Downloads\FWMS\FWMS\system\Database\MySQLi\Connection.php(201): mysqli->real_connect('localhost', '', Object(SensitiveParameterValue), '', 3306, '', 0)
#1 C:\Users\ASUS\Downloads\FWMS\FWMS\system\Database\BaseConnection.php(555): CodeIgniter\Database\MySQLi\Connection->connect(false)
#2 C:\Users\ASUS\Downloads\FWMS\FWMS\system\Database\BaseConnection.php(795): CodeIgniter\Database\BaseConnection->initialize()
#3 C:\Users\ASUS\Downloads\FWMS\FWMS\app\Controllers\Home.php(14): CodeIgniter\Database\BaseConnection->query('SELECT 1')
#4 C:\Users\ASUS\Downloads\FWMS\FWMS\system\CodeIgniter.php(974): App\Controllers\Home->index()
#5 C:\Users\ASUS\Downloads\FWMS\FWMS\system\CodeIgniter.php(520): CodeIgniter\CodeIgniter->runController(Object(App\Controllers\Home))
#6 C:\Users\ASUS\Downloads\FWMS\FWMS\system\CodeIgniter.php(363): CodeIgniter\CodeIgniter->handleRequest(NULL, Object(Config\Cache), false)
#7 C:\Users\ASUS\Downloads\FWMS\FWMS\system\Boot.php(417): CodeIgniter\CodeIgniter->run()
#8 C:\Users\ASUS\Downloads\FWMS\FWMS\system\Boot.php(68): CodeIgniter\Boot::runCodeIgniter(Object(CodeIgniter\CodeIgniter))
#9 C:\Users\ASUS\Downloads\FWMS\FWMS\public\index.php(59): CodeIgniter\Boot::bootWeb(Object(Config\Paths))
#10 C:\Users\ASUS\Downloads\FWMS\FWMS\system\rewrite.php(44): require_once('C:\\Users\\ASUS\\D...')
#11 {main}

Next CodeIgniter\Database\Exceptions\DatabaseException: Access denied for user ''@'localhost' (using password: YES) in C:\Users\ASUS\Downloads\FWMS\FWMS\system\Database\MySQLi\Connection.php:231
Stack trace:
#0 C:\Users\ASUS\Downloads\FWMS\FWMS\system\Database\BaseConnection.php(555): CodeIgniter\Database\MySQLi\Connection->connect(false)
#1 C:\Users\ASUS\Downloads\FWMS\FWMS\system\Database\BaseConnection.php(795): CodeIgniter\Database\BaseConnection->initialize()
#2 C:\Users\ASUS\Downloads\FWMS\FWMS\app\Controllers\Home.php(14): CodeIgniter\Database\BaseConnection->query('SELECT 1')
#3 C:\Users\ASUS\Downloads\FWMS\FWMS\system\CodeIgniter.php(974): App\Controllers\Home->index()
#4 C:\Users\ASUS\Downloads\FWMS\FWMS\system\CodeIgniter.php(520): CodeIgniter\CodeIgniter->runController(Object(App\Controllers\Home))
#5 C:\Users\ASUS\Downloads\FWMS\FWMS\system\CodeIgniter.php(363): CodeIgniter\CodeIgniter->handleRequest(NULL, Object(Config\Cache), false)
#6 C:\Users\ASUS\Downloads\FWMS\FWMS\system\Boot.php(417): CodeIgniter\CodeIgniter->run()
#7 C:\Users\ASUS\Downloads\FWMS\FWMS\system\Boot.php(68): CodeIgniter\Boot::runCodeIgniter(Object(CodeIgniter\CodeIgniter))
#8 C:\Users\ASUS\Downloads\FWMS\FWMS\public\index.php(59): CodeIgniter\Boot::bootWeb(Object(Config\Paths))
#9 C:\Users\ASUS\Downloads\FWMS\FWMS\system\rewrite.php(44): require_once('C:\\Users\\ASUS\\D...')
#10 {main}
ERROR - 2026-08-27 01:33:11 --> Error connecting to the database: mysqli_sql_exception: Access denied for user ''@'localhost' (using password: YES) in C:\Users\ASUS\Downloads\FWMS\FWMS\system\Database\MySQLi\Connection.php:201
Stack trace:
#0 C:\Users\ASUS\Downloads\FWMS\FWMS\system\Database\MySQLi\Connection.php(201): mysqli->real_connect('localhost', '', Object(SensitiveParameterValue), '', 3306, '', 0)
#1 C:\Users\ASUS\Downloads\FWMS\FWMS\system\Database\BaseConnection.php(555): CodeIgniter\Database\MySQLi\Connection->connect(false)
#2 C:\Users\ASUS\Downloads\FWMS\FWMS\system\Database\BaseConnection.php(795): CodeIgniter\Database\BaseConnection->initialize()
#3 C:\Users\ASUS\Downloads\FWMS\FWMS\app\Controllers\Home.php(14): CodeIgniter\Database\BaseConnection->query('SELECT 1')
#4 C:\Users\ASUS\Downloads\FWMS\FWMS\system\CodeIgniter.php(974): App\Controllers\Home->index()
#5 C:\Users\ASUS\Downloads\FWMS\FWMS\system\CodeIgniter.php(520): CodeIgniter\CodeIgniter->runController(Object(App\Controllers\Home))
#6 C:\Users\ASUS\Downloads\FWMS\FWMS\system\CodeIgniter.php(363): CodeIgniter\CodeIgniter->handleRequest(NULL, Object(Config\Cache), false)
#7 C:\Users\ASUS\Downloads\FWMS\FWMS\system\Boot.php(417): CodeIgniter\CodeIgniter->run()
#8 C:\Users\ASUS\Downloads\FWMS\FWMS\system\Boot.php(68): CodeIgniter\Boot::runCodeIgniter(Object(CodeIgniter\CodeIgniter))
#9 C:\Users\ASUS\Downloads\FWMS\FWMS\public\index.php(59): CodeIgniter\Boot::bootWeb(Object(Config\Paths))
#10 C:\Users\ASUS\Downloads\FWMS\FWMS\system\rewrite.php(44): require_once('C:\\Users\\ASUS\\D...')
#11 {main}

Next CodeIgniter\Database\Exceptions\DatabaseException: Access denied for user ''@'localhost' (using password: YES) in C:\Users\ASUS\Downloads\FWMS\FWMS\system\Database\MySQLi\Connection.php:231
Stack trace:
#0 C:\Users\ASUS\Downloads\FWMS\FWMS\system\Database\BaseConnection.php(555): CodeIgniter\Database\MySQLi\Connection->connect(false)
#1 C:\Users\ASUS\Downloads\FWMS\FWMS\system\Database\BaseConnection.php(795): CodeIgniter\Database\BaseConnection->initialize()
#2 C:\Users\ASUS\Downloads\FWMS\FWMS\app\Controllers\Home.php(14): CodeIgniter\Database\BaseConnection->query('SELECT 1')
#3 C:\Users\ASUS\Downloads\FWMS\FWMS\system\CodeIgniter.php(974): App\Controllers\Home->index()
#4 C:\Users\ASUS\Downloads\FWMS\FWMS\system\CodeIgniter.php(520): CodeIgniter\CodeIgniter->runController(Object(App\Controllers\Home))
#5 C:\Users\ASUS\Downloads\FWMS\FWMS\system\CodeIgniter.php(363): CodeIgniter\CodeIgniter->handleRequest(NULL, Object(Config\Cache), false)
#6 C:\Users\ASUS\Downloads\FWMS\FWMS\system\Boot.php(417): CodeIgniter\CodeIgniter->run()
#7 C:\Users\ASUS\Downloads\FWMS\FWMS\system\Boot.php(68): CodeIgniter\Boot::runCodeIgniter(Object(CodeIgniter\CodeIgniter))
#8 C:\Users\ASUS\Downloads\FWMS\FWMS\public\index.php(59): CodeIgniter\Boot::bootWeb(Object(Config\Paths))
#9 C:\Users\ASUS\Downloads\FWMS\FWMS\system\rewrite.php(44): require_once('C:\\Users\\ASUS\\D...')
#10 {main}
ERROR - 2026-08-27 01:33:12 --> Error connecting to the database: mysqli_sql_exception: Access denied for user ''@'localhost' (using password: YES) in C:\Users\ASUS\Downloads\FWMS\FWMS\system\Database\MySQLi\Connection.php:201
Stack trace:
#0 C:\Users\ASUS\Downloads\FWMS\FWMS\system\Database\MySQLi\Connection.php(201): mysqli->real_connect('localhost', '', Object(SensitiveParameterValue), '', 3306, '', 0)
#1 C:\Users\ASUS\Downloads\FWMS\FWMS\system\Database\BaseConnection.php(555): CodeIgniter\Database\MySQLi\Connection->connect(false)
#2 C:\Users\ASUS\Downloads\FWMS\FWMS\system\Database\BaseConnection.php(795): CodeIgniter\Database\BaseConnection->initialize()
#3 C:\Users\ASUS\Downloads\FWMS\FWMS\app\Controllers\Home.php(14): CodeIgniter\Database\BaseConnection->query('SELECT 1')
#4 C:\Users\ASUS\Downloads\FWMS\FWMS\system\CodeIgniter.php(974): App\Controllers\Home->index()
#5 C:\Users\ASUS\Downloads\FWMS\FWMS\system\CodeIgniter.php(520): CodeIgniter\CodeIgniter->runController(Object(App\Controllers\Home))
#6 C:\Users\ASUS\Downloads\FWMS\FWMS\system\CodeIgniter.php(363): CodeIgniter\CodeIgniter->handleRequest(NULL, Object(Config\Cache), false)
#7 C:\Users\ASUS\Downloads\FWMS\FWMS\system\Boot.php(417): CodeIgniter\CodeIgniter->run()
#8 C:\Users\ASUS\Downloads\FWMS\FWMS\system\Boot.php(68): CodeIgniter\Boot::runCodeIgniter(Object(CodeIgniter\CodeIgniter))
#9 C:\Users\ASUS\Downloads\FWMS\FWMS\public\index.php(59): CodeIgniter\Boot::bootWeb(Object(Config\Paths))
#10 C:\Users\ASUS\Downloads\FWMS\FWMS\system\rewrite.php(44): require_once('C:\\Users\\ASUS\\D...')
#11 {main}

Next CodeIgniter\Database\Exceptions\DatabaseException: Access denied for user ''@'localhost' (using password: YES) in C:\Users\ASUS\Downloads\FWMS\FWMS\system\Database\MySQLi\Connection.php:231
Stack trace:
#0 C:\Users\ASUS\Downloads\FWMS\FWMS\system\Database\BaseConnection.php(555): CodeIgniter\Database\MySQLi\Connection->connect(false)
#1 C:\Users\ASUS\Downloads\FWMS\FWMS\system\Database\BaseConnection.php(795): CodeIgniter\Database\BaseConnection->initialize()
#2 C:\Users\ASUS\Downloads\FWMS\FWMS\app\Controllers\Home.php(14): CodeIgniter\Database\BaseConnection->query('SELECT 1')
#3 C:\Users\ASUS\Downloads\FWMS\FWMS\system\CodeIgniter.php(974): App\Controllers\Home->index()
#4 C:\Users\ASUS\Downloads\FWMS\FWMS\system\CodeIgniter.php(520): CodeIgniter\CodeIgniter->runController(Object(App\Controllers\Home))
#5 C:\Users\ASUS\Downloads\FWMS\FWMS\system\CodeIgniter.php(363): CodeIgniter\CodeIgniter->handleRequest(NULL, Object(Config\Cache), false)
#6 C:\Users\ASUS\Downloads\FWMS\FWMS\system\Boot.php(417): CodeIgniter\CodeIgniter->run()
#7 C:\Users\ASUS\Downloads\FWMS\FWMS\system\Boot.php(68): CodeIgniter\Boot::runCodeIgniter(Object(CodeIgniter\CodeIgniter))
#8 C:\Users\ASUS\Downloads\FWMS\FWMS\public\index.php(59): CodeIgniter\Boot::bootWeb(Object(Config\Paths))
#9 C:\Users\ASUS\Downloads\FWMS\FWMS\system\rewrite.php(44): require_once('C:\\Users\\ASUS\\D...')
#10 {main}
ERROR - 2026-08-27 01:33:12 --> Error connecting to the database: mysqli_sql_exception: Access denied for user ''@'localhost' (using password: YES) in C:\Users\ASUS\Downloads\FWMS\FWMS\system\Database\MySQLi\Connection.php:201
Stack trace:
#0 C:\Users\ASUS\Downloads\FWMS\FWMS\system\Database\MySQLi\Connection.php(201): mysqli->real_connect('localhost', '', Object(SensitiveParameterValue), '', 3306, '', 0)
#1 C:\Users\ASUS\Downloads\FWMS\FWMS\system\Database\BaseConnection.php(555): CodeIgniter\Database\MySQLi\Connection->connect(false)
#2 C:\Users\ASUS\Downloads\FWMS\FWMS\system\Database\BaseConnection.php(795): CodeIgniter\Database\BaseConnection->initialize()
#3 C:\Users\ASUS\Downloads\FWMS\FWMS\app\Controllers\Home.php(14): CodeIgniter\Database\BaseConnection->query('SELECT 1')
#4 C:\Users\ASUS\Downloads\FWMS\FWMS\system\CodeIgniter.php(974): App\Controllers\Home->index()
#5 C:\Users\ASUS\Downloads\FWMS\FWMS\system\CodeIgniter.php(520): CodeIgniter\CodeIgniter->runController(Object(App\Controllers\Home))
#6 C:\Users\ASUS\Downloads\FWMS\FWMS\system\CodeIgniter.php(363): CodeIgniter\CodeIgniter->handleRequest(NULL, Object(Config\Cache), false)
#7 C:\Users\ASUS\Downloads\FWMS\FWMS\system\Boot.php(417): CodeIgniter\CodeIgniter->run()
#8 C:\Users\ASUS\Downloads\FWMS\FWMS\system\Boot.php(68): CodeIgniter\Boot::runCodeIgniter(Object(CodeIgniter\CodeIgniter))
#9 C:\Users\ASUS\Downloads\FWMS\FWMS\public\index.php(59): CodeIgniter\Boot::bootWeb(Object(Config\Paths))
#10 C:\Users\ASUS\Downloads\FWMS\FWMS\system\rewrite.php(44): require_once('C:\\Users\\ASUS\\D...')
#11 {main}

Next CodeIgniter\Database\Exceptions\DatabaseException: Access denied for user ''@'localhost' (using password: YES) in C:\Users\ASUS\Downloads\FWMS\FWMS\system\Database\MySQLi\Connection.php:231
Stack trace:
#0 C:\Users\ASUS\Downloads\FWMS\FWMS\system\Database\BaseConnection.php(555): CodeIgniter\Database\MySQLi\Connection->connect(false)
#1 C:\Users\ASUS\Downloads\FWMS\FWMS\system\Database\BaseConnection.php(795): CodeIgniter\Database\BaseConnection->initialize()
#2 C:\Users\ASUS\Downloads\FWMS\FWMS\app\Controllers\Home.php(14): CodeIgniter\Database\BaseConnection->query('SELECT 1')
#3 C:\Users\ASUS\Downloads\FWMS\FWMS\system\CodeIgniter.php(974): App\Controllers\Home->index()
#4 C:\Users\ASUS\Downloads\FWMS\FWMS\system\CodeIgniter.php(520): CodeIgniter\CodeIgniter->runController(Object(App\Controllers\Home))
#5 C:\Users\ASUS\Downloads\FWMS\FWMS\system\CodeIgniter.php(363): CodeIgniter\CodeIgniter->handleRequest(NULL, Object(Config\Cache), false)
#6 C:\Users\ASUS\Downloads\FWMS\FWMS\system\Boot.php(417): CodeIgniter\CodeIgniter->run()
#7 C:\Users\ASUS\Downloads\FWMS\FWMS\system\Boot.php(68): CodeIgniter\Boot::runCodeIgniter(Object(CodeIgniter\CodeIgniter))
#8 C:\Users\ASUS\Downloads\FWMS\FWMS\public\index.php(59): CodeIgniter\Boot::bootWeb(Object(Config\Paths))
#9 C:\Users\ASUS\Downloads\FWMS\FWMS\system\rewrite.php(44): require_once('C:\\Users\\ASUS\\D...')
#10 {main}
ERROR - 2026-08-27 01:33:12 --> Error connecting to the database: mysqli_sql_exception: Access denied for user ''@'localhost' (using password: YES) in C:\Users\ASUS\Downloads\FWMS\FWMS\system\Database\MySQLi\Connection.php:201
Stack trace:
#0 C:\Users\ASUS\Downloads\FWMS\FWMS\system\Database\MySQLi\Connection.php(201): mysqli->real_connect('localhost', '', Object(SensitiveParameterValue), '', 3306, '', 0)
#1 C:\Users\ASUS\Downloads\FWMS\FWMS\system\Database\BaseConnection.php(555): CodeIgniter\Database\MySQLi\Connection->connect(false)
#2 C:\Users\ASUS\Downloads\FWMS\FWMS\system\Database\BaseConnection.php(795): CodeIgniter\Database\BaseConnection->initialize()
#3 C:\Users\ASUS\Downloads\FWMS\FWMS\app\Controllers\Home.php(14): CodeIgniter\Database\BaseConnection->query('SELECT 1')
#4 C:\Users\ASUS\Downloads\FWMS\FWMS\system\CodeIgniter.php(974): App\Controllers\Home->index()
#5 C:\Users\ASUS\Downloads\FWMS\FWMS\system\CodeIgniter.php(520): CodeIgniter\CodeIgniter->runController(Object(App\Controllers\Home))
#6 C:\Users\ASUS\Downloads\FWMS\FWMS\system\CodeIgniter.php(363): CodeIgniter\CodeIgniter->handleRequest(NULL, Object(Config\Cache), false)
#7 C:\Users\ASUS\Downloads\FWMS\FWMS\system\Boot.php(417): CodeIgniter\CodeIgniter->run()
#8 C:\Users\ASUS\Downloads\FWMS\FWMS\system\Boot.php(68): CodeIgniter\Boot::runCodeIgniter(Object(CodeIgniter\CodeIgniter))
#9 C:\Users\ASUS\Downloads\FWMS\FWMS\public\index.php(59): CodeIgniter\Boot::bootWeb(Object(Config\Paths))
#10 C:\Users\ASUS\Downloads\FWMS\FWMS\system\rewrite.php(44): require_once('C:\\Users\\ASUS\\D...')
#11 {main}

Next CodeIgniter\Database\Exceptions\DatabaseException: Access denied for user ''@'localhost' (using password: YES) in C:\Users\ASUS\Downloads\FWMS\FWMS\system\Database\MySQLi\Connection.php:231
Stack trace:
#0 C:\Users\ASUS\Downloads\FWMS\FWMS\system\Database\BaseConnection.php(555): CodeIgniter\Database\MySQLi\Connection->connect(false)
#1 C:\Users\ASUS\Downloads\FWMS\FWMS\system\Database\BaseConnection.php(795): CodeIgniter\Database\BaseConnection->initialize()
#2 C:\Users\ASUS\Downloads\FWMS\FWMS\app\Controllers\Home.php(14): CodeIgniter\Database\BaseConnection->query('SELECT 1')
#3 C:\Users\ASUS\Downloads\FWMS\FWMS\system\CodeIgniter.php(974): App\Controllers\Home->index()
#4 C:\Users\ASUS\Downloads\FWMS\FWMS\system\CodeIgniter.php(520): CodeIgniter\CodeIgniter->runController(Object(App\Controllers\Home))
#5 C:\Users\ASUS\Downloads\FWMS\FWMS\system\CodeIgniter.php(363): CodeIgniter\CodeIgniter->handleRequest(NULL, Object(Config\Cache), false)
#6 C:\Users\ASUS\Downloads\FWMS\FWMS\system\Boot.php(417): CodeIgniter\CodeIgniter->run()
#7 C:\Users\ASUS\Downloads\FWMS\FWMS\system\Boot.php(68): CodeIgniter\Boot::runCodeIgniter(Object(CodeIgniter\CodeIgniter))
#8 C:\Users\ASUS\Downloads\FWMS\FWMS\public\index.php(59): CodeIgniter\Boot::bootWeb(Object(Config\Paths))
#9 C:\Users\ASUS\Downloads\FWMS\FWMS\system\rewrite.php(44): require_once('C:\\Users\\ASUS\\D...')
#10 {main}
ERROR - 2026-08-27 01:33:22 --> Error connecting to the database: mysqli_sql_exception: Access denied for user ''@'localhost' (using password: YES) in C:\Users\ASUS\Downloads\FWMS\FWMS\system\Database\MySQLi\Connection.php:201
Stack trace:
#0 C:\Users\ASUS\Downloads\FWMS\FWMS\system\Database\MySQLi\Connection.php(201): mysqli->real_connect('localhost', '', Object(SensitiveParameterValue), '', 3306, '', 0)
#1 C:\Users\ASUS\Downloads\FWMS\FWMS\system\Database\BaseConnection.php(555): CodeIgniter\Database\MySQLi\Connection->connect(false)
#2 C:\Users\ASUS\Downloads\FWMS\FWMS\system\Database\BaseConnection.php(795): CodeIgniter\Database\BaseConnection->initialize()
#3 C:\Users\ASUS\Downloads\FWMS\FWMS\app\Controllers\Home.php(14): CodeIgniter\Database\BaseConnection->query('SELECT 1')
#4 C:\Users\ASUS\Downloads\FWMS\FWMS\system\CodeIgniter.php(974): App\Controllers\Home->index()
#5 C:\Users\ASUS\Downloads\FWMS\FWMS\system\CodeIgniter.php(520): CodeIgniter\CodeIgniter->runController(Object(App\Controllers\Home))
#6 C:\Users\ASUS\Downloads\FWMS\FWMS\system\CodeIgniter.php(363): CodeIgniter\CodeIgniter->handleRequest(NULL, Object(Config\Cache), false)
#7 C:\Users\ASUS\Downloads\FWMS\FWMS\system\Boot.php(417): CodeIgniter\CodeIgniter->run()
#8 C:\Users\ASUS\Downloads\FWMS\FWMS\system\Boot.php(68): CodeIgniter\Boot::runCodeIgniter(Object(CodeIgniter\CodeIgniter))
#9 C:\Users\ASUS\Downloads\FWMS\FWMS\public\index.php(59): CodeIgniter\Boot::bootWeb(Object(Config\Paths))
#10 C:\Users\ASUS\Downloads\FWMS\FWMS\system\rewrite.php(44): require_once('C:\\Users\\ASUS\\D...')
#11 {main}

Next CodeIgniter\Database\Exceptions\DatabaseException: Access denied for user ''@'localhost' (using password: YES) in C:\Users\ASUS\Downloads\FWMS\FWMS\system\Database\MySQLi\Connection.php:231
Stack trace:
#0 C:\Users\ASUS\Downloads\FWMS\FWMS\system\Database\BaseConnection.php(555): CodeIgniter\Database\MySQLi\Connection->connect(false)
#1 C:\Users\ASUS\Downloads\FWMS\FWMS\system\Database\BaseConnection.php(795): CodeIgniter\Database\BaseConnection->initialize()
#2 C:\Users\ASUS\Downloads\FWMS\FWMS\app\Controllers\Home.php(14): CodeIgniter\Database\BaseConnection->query('SELECT 1')
#3 C:\Users\ASUS\Downloads\FWMS\FWMS\system\CodeIgniter.php(974): App\Controllers\Home->index()
#4 C:\Users\ASUS\Downloads\FWMS\FWMS\system\CodeIgniter.php(520): CodeIgniter\CodeIgniter->runController(Object(App\Controllers\Home))
#5 C:\Users\ASUS\Downloads\FWMS\FWMS\system\CodeIgniter.php(363): CodeIgniter\CodeIgniter->handleRequest(NULL, Object(Config\Cache), false)
#6 C:\Users\ASUS\Downloads\FWMS\FWMS\system\Boot.php(417): CodeIgniter\CodeIgniter->run()
#7 C:\Users\ASUS\Downloads\FWMS\FWMS\system\Boot.php(68): CodeIgniter\Boot::runCodeIgniter(Object(CodeIgniter\CodeIgniter))
#8 C:\Users\ASUS\Downloads\FWMS\FWMS\public\index.php(59): CodeIgniter\Boot::bootWeb(Object(Config\Paths))
#9 C:\Users\ASUS\Downloads\FWMS\FWMS\system\rewrite.php(44): require_once('C:\\Users\\ASUS\\D...')
#10 {main}
ERROR - 2026-08-27 01:33:22 --> Error connecting to the database: mysqli_sql_exception: Access denied for user ''@'localhost' (using password: YES) in C:\Users\ASUS\Downloads\FWMS\FWMS\system\Database\MySQLi\Connection.php:201
Stack trace:
#0 C:\Users\ASUS\Downloads\FWMS\FWMS\system\Database\MySQLi\Connection.php(201): mysqli->real_connect('localhost', '', Object(SensitiveParameterValue), '', 3306, '', 0)
#1 C:\Users\ASUS\Downloads\FWMS\FWMS\system\Database\BaseConnection.php(555): CodeIgniter\Database\MySQLi\Connection->connect(false)
#2 C:\Users\ASUS\Downloads\FWMS\FWMS\system\Database\BaseConnection.php(795): CodeIgniter\Database\BaseConnection->initialize()
#3 C:\Users\ASUS\Downloads\FWMS\FWMS\app\Controllers\Home.php(14): CodeIgniter\Database\BaseConnection->query('SELECT 1')
#4 C:\Users\ASUS\Downloads\FWMS\FWMS\system\CodeIgniter.php(974): App\Controllers\Home->index()
#5 C:\Users\ASUS\Downloads\FWMS\FWMS\system\CodeIgniter.php(520): CodeIgniter\CodeIgniter->runController(Object(App\Controllers\Home))
#6 C:\Users\ASUS\Downloads\FWMS\FWMS\system\CodeIgniter.php(363): CodeIgniter\CodeIgniter->handleRequest(NULL, Object(Config\Cache), false)
#7 C:\Users\ASUS\Downloads\FWMS\FWMS\system\Boot.php(417): CodeIgniter\CodeIgniter->run()
#8 C:\Users\ASUS\Downloads\FWMS\FWMS\system\Boot.php(68): CodeIgniter\Boot::runCodeIgniter(Object(CodeIgniter\CodeIgniter))
#9 C:\Users\ASUS\Downloads\FWMS\FWMS\public\index.php(59): CodeIgniter\Boot::bootWeb(Object(Config\Paths))
#10 C:\Users\ASUS\Downloads\FWMS\FWMS\system\rewrite.php(44): require_once('C:\\Users\\ASUS\\D...')
#11 {main}

Next CodeIgniter\Database\Exceptions\DatabaseException: Access denied for user ''@'localhost' (using password: YES) in C:\Users\ASUS\Downloads\FWMS\FWMS\system\Database\MySQLi\Connection.php:231
Stack trace:
#0 C:\Users\ASUS\Downloads\FWMS\FWMS\system\Database\BaseConnection.php(555): CodeIgniter\Database\MySQLi\Connection->connect(false)
#1 C:\Users\ASUS\Downloads\FWMS\FWMS\system\Database\BaseConnection.php(795): CodeIgniter\Database\BaseConnection->initialize()
#2 C:\Users\ASUS\Downloads\FWMS\FWMS\app\Controllers\Home.php(14): CodeIgniter\Database\BaseConnection->query('SELECT 1')
#3 C:\Users\ASUS\Downloads\FWMS\FWMS\system\CodeIgniter.php(974): App\Controllers\Home->index()
#4 C:\Users\ASUS\Downloads\FWMS\FWMS\system\CodeIgniter.php(520): CodeIgniter\CodeIgniter->runController(Object(App\Controllers\Home))
#5 C:\Users\ASUS\Downloads\FWMS\FWMS\system\CodeIgniter.php(363): CodeIgniter\CodeIgniter->handleRequest(NULL, Object(Config\Cache), false)
#6 C:\Users\ASUS\Downloads\FWMS\FWMS\system\Boot.php(417): CodeIgniter\CodeIgniter->run()
#7 C:\Users\ASUS\Downloads\FWMS\FWMS\system\Boot.php(68): CodeIgniter\Boot::runCodeIgniter(Object(CodeIgniter\CodeIgniter))
#8 C:\Users\ASUS\Downloads\FWMS\FWMS\public\index.php(59): CodeIgniter\Boot::bootWeb(Object(Config\Paths))
#9 C:\Users\ASUS\Downloads\FWMS\FWMS\system\rewrite.php(44): require_once('C:\\Users\\ASUS\\D...')
#10 {main}
ERROR - 2026-08-27 01:33:22 --> Error connecting to the database: mysqli_sql_exception: Access denied for user ''@'localhost' (using password: YES) in C:\Users\ASUS\Downloads\FWMS\FWMS\system\Database\MySQLi\Connection.php:201
Stack trace:
#0 C:\Users\ASUS\Downloads\FWMS\FWMS\system\Database\MySQLi\Connection.php(201): mysqli->real_connect('localhost', '', Object(SensitiveParameterValue), '', 3306, '', 0)
#1 C:\Users\ASUS\Downloads\FWMS\FWMS\system\Database\BaseConnection.php(555): CodeIgniter\Database\MySQLi\Connection->connect(false)
#2 C:\Users\ASUS\Downloads\FWMS\FWMS\system\Database\BaseConnection.php(795): CodeIgniter\Database\BaseConnection->initialize()
#3 C:\Users\ASUS\Downloads\FWMS\FWMS\app\Controllers\Home.php(14): CodeIgniter\Database\BaseConnection->query('SELECT 1')
#4 C:\Users\ASUS\Downloads\FWMS\FWMS\system\CodeIgniter.php(974): App\Controllers\Home->index()
#5 C:\Users\ASUS\Downloads\FWMS\FWMS\system\CodeIgniter.php(520): CodeIgniter\CodeIgniter->runController(Object(App\Controllers\Home))
#6 C:\Users\ASUS\Downloads\FWMS\FWMS\system\CodeIgniter.php(363): CodeIgniter\CodeIgniter->handleRequest(NULL, Object(Config\Cache), false)
#7 C:\Users\ASUS\Downloads\FWMS\FWMS\system\Boot.php(417): CodeIgniter\CodeIgniter->run()
#8 C:\Users\ASUS\Downloads\FWMS\FWMS\system\Boot.php(68): CodeIgniter\Boot::runCodeIgniter(Object(CodeIgniter\CodeIgniter))
#9 C:\Users\ASUS\Downloads\FWMS\FWMS\public\index.php(59): CodeIgniter\Boot::bootWeb(Object(Config\Paths))
#10 C:\Users\ASUS\Downloads\FWMS\FWMS\system\rewrite.php(44): require_once('C:\\Users\\ASUS\\D...')
#11 {main}

Next CodeIgniter\Database\Exceptions\DatabaseException: Access denied for user ''@'localhost' (using password: YES) in C:\Users\ASUS\Downloads\FWMS\FWMS\system\Database\MySQLi\Connection.php:231
Stack trace:
#0 C:\Users\ASUS\Downloads\FWMS\FWMS\system\Database\BaseConnection.php(555): CodeIgniter\Database\MySQLi\Connection->connect(false)
#1 C:\Users\ASUS\Downloads\FWMS\FWMS\system\Database\BaseConnection.php(795): CodeIgniter\Database\BaseConnection->initialize()
#2 C:\Users\ASUS\Downloads\FWMS\FWMS\app\Controllers\Home.php(14): CodeIgniter\Database\BaseConnection->query('SELECT 1')
#3 C:\Users\ASUS\Downloads\FWMS\FWMS\system\CodeIgniter.php(974): App\Controllers\Home->index()
#4 C:\Users\ASUS\Downloads\FWMS\FWMS\system\CodeIgniter.php(520): CodeIgniter\CodeIgniter->runController(Object(App\Controllers\Home))
#5 C:\Users\ASUS\Downloads\FWMS\FWMS\system\CodeIgniter.php(363): CodeIgniter\CodeIgniter->handleRequest(NULL, Object(Config\Cache), false)
#6 C:\Users\ASUS\Downloads\FWMS\FWMS\system\Boot.php(417): CodeIgniter\CodeIgniter->run()
#7 C:\Users\ASUS\Downloads\FWMS\FWMS\system\Boot.php(68): CodeIgniter\Boot::runCodeIgniter(Object(CodeIgniter\CodeIgniter))
#8 C:\Users\ASUS\Downloads\FWMS\FWMS\public\index.php(59): CodeIgniter\Boot::bootWeb(Object(Config\Paths))
#9 C:\Users\ASUS\Downloads\FWMS\FWMS\system\rewrite.php(44): require_once('C:\\Users\\ASUS\\D...')
#10 {main}
ERROR - 2026-08-27 01:33:23 --> Error connecting to the database: mysqli_sql_exception: Access denied for user ''@'localhost' (using password: YES) in C:\Users\ASUS\Downloads\FWMS\FWMS\system\Database\MySQLi\Connection.php:201
Stack trace:
#0 C:\Users\ASUS\Downloads\FWMS\FWMS\system\Database\MySQLi\Connection.php(201): mysqli->real_connect('localhost', '', Object(SensitiveParameterValue), '', 3306, '', 0)
#1 C:\Users\ASUS\Downloads\FWMS\FWMS\system\Database\BaseConnection.php(555): CodeIgniter\Database\MySQLi\Connection->connect(false)
#2 C:\Users\ASUS\Downloads\FWMS\FWMS\system\Database\BaseConnection.php(795): CodeIgniter\Database\BaseConnection->initialize()
#3 C:\Users\ASUS\Downloads\FWMS\FWMS\app\Controllers\Home.php(14): CodeIgniter\Database\BaseConnection->query('SELECT 1')
#4 C:\Users\ASUS\Downloads\FWMS\FWMS\system\CodeIgniter.php(974): App\Controllers\Home->index()
#5 C:\Users\ASUS\Downloads\FWMS\FWMS\system\CodeIgniter.php(520): CodeIgniter\CodeIgniter->runController(Object(App\Controllers\Home))
#6 C:\Users\ASUS\Downloads\FWMS\FWMS\system\CodeIgniter.php(363): CodeIgniter\CodeIgniter->handleRequest(NULL, Object(Config\Cache), false)
#7 C:\Users\ASUS\Downloads\FWMS\FWMS\system\Boot.php(417): CodeIgniter\CodeIgniter->run()
#8 C:\Users\ASUS\Downloads\FWMS\FWMS\system\Boot.php(68): CodeIgniter\Boot::runCodeIgniter(Object(CodeIgniter\CodeIgniter))
#9 C:\Users\ASUS\Downloads\FWMS\FWMS\public\index.php(59): CodeIgniter\Boot::bootWeb(Object(Config\Paths))
#10 C:\Users\ASUS\Downloads\FWMS\FWMS\system\rewrite.php(44): require_once('C:\\Users\\ASUS\\D...')
#11 {main}

Next CodeIgniter\Database\Exceptions\DatabaseException: Access denied for user ''@'localhost' (using password: YES) in C:\Users\ASUS\Downloads\FWMS\FWMS\system\Database\MySQLi\Connection.php:231
Stack trace:
#0 C:\Users\ASUS\Downloads\FWMS\FWMS\system\Database\BaseConnection.php(555): CodeIgniter\Database\MySQLi\Connection->connect(false)
#1 C:\Users\ASUS\Downloads\FWMS\FWMS\system\Database\BaseConnection.php(795): CodeIgniter\Database\BaseConnection->initialize()
#2 C:\Users\ASUS\Downloads\FWMS\FWMS\app\Controllers\Home.php(14): CodeIgniter\Database\BaseConnection->query('SELECT 1')
#3 C:\Users\ASUS\Downloads\FWMS\FWMS\system\CodeIgniter.php(974): App\Controllers\Home->index()
#4 C:\Users\ASUS\Downloads\FWMS\FWMS\system\CodeIgniter.php(520): CodeIgniter\CodeIgniter->runController(Object(App\Controllers\Home))
#5 C:\Users\ASUS\Downloads\FWMS\FWMS\system\CodeIgniter.php(363): CodeIgniter\CodeIgniter->handleRequest(NULL, Object(Config\Cache), false)
#6 C:\Users\ASUS\Downloads\FWMS\FWMS\system\Boot.php(417): CodeIgniter\CodeIgniter->run()
#7 C:\Users\ASUS\Downloads\FWMS\FWMS\system\Boot.php(68): CodeIgniter\Boot::runCodeIgniter(Object(CodeIgniter\CodeIgniter))
#8 C:\Users\ASUS\Downloads\FWMS\FWMS\public\index.php(59): CodeIgniter\Boot::bootWeb(Object(Config\Paths))
#9 C:\Users\ASUS\Downloads\FWMS\FWMS\system\rewrite.php(44): require_once('C:\\Users\\ASUS\\D...')
#10 {main}
ERROR - 2026-08-27 01:33:23 --> Error connecting to the database: mysqli_sql_exception: Access denied for user ''@'localhost' (using password: YES) in C:\Users\ASUS\Downloads\FWMS\FWMS\system\Database\MySQLi\Connection.php:201
Stack trace:
#0 C:\Users\ASUS\Downloads\FWMS\FWMS\system\Database\MySQLi\Connection.php(201): mysqli->real_connect('localhost', '', Object(SensitiveParameterValue), '', 3306, '', 0)
#1 C:\Users\ASUS\Downloads\FWMS\FWMS\system\Database\BaseConnection.php(555): CodeIgniter\Database\MySQLi\Connection->connect(false)
#2 C:\Users\ASUS\Downloads\FWMS\FWMS\system\Database\BaseConnection.php(795): CodeIgniter\Database\BaseConnection->initialize()
#3 C:\Users\ASUS\Downloads\FWMS\FWMS\app\Controllers\Home.php(14): CodeIgniter\Database\BaseConnection->query('SELECT 1')
#4 C:\Users\ASUS\Downloads\FWMS\FWMS\system\CodeIgniter.php(974): App\Controllers\Home->index()
#5 C:\Users\ASUS\Downloads\FWMS\FWMS\system\CodeIgniter.php(520): CodeIgniter\CodeIgniter->runController(Object(App\Controllers\Home))
#6 C:\Users\ASUS\Downloads\FWMS\FWMS\system\CodeIgniter.php(363): CodeIgniter\CodeIgniter->handleRequest(NULL, Object(Config\Cache), false)
#7 C:\Users\ASUS\Downloads\FWMS\FWMS\system\Boot.php(417): CodeIgniter\CodeIgniter->run()
#8 C:\Users\ASUS\Downloads\FWMS\FWMS\system\Boot.php(68): CodeIgniter\Boot::runCodeIgniter(Object(CodeIgniter\CodeIgniter))
#9 C:\Users\ASUS\Downloads\FWMS\FWMS\public\index.php(59): CodeIgniter\Boot::bootWeb(Object(Config\Paths))
#10 C:\Users\ASUS\Downloads\FWMS\FWMS\system\rewrite.php(44): require_once('C:\\Users\\ASUS\\D...')
#11 {main}

Next CodeIgniter\Database\Exceptions\DatabaseException: Access denied for user ''@'localhost' (using password: YES) in C:\Users\ASUS\Downloads\FWMS\FWMS\system\Database\MySQLi\Connection.php:231
Stack trace:
#0 C:\Users\ASUS\Downloads\FWMS\FWMS\system\Database\BaseConnection.php(555): CodeIgniter\Database\MySQLi\Connection->connect(false)
#1 C:\Users\ASUS\Downloads\FWMS\FWMS\system\Database\BaseConnection.php(795): CodeIgniter\Database\BaseConnection->initialize()
#2 C:\Users\ASUS\Downloads\FWMS\FWMS\app\Controllers\Home.php(14): CodeIgniter\Database\BaseConnection->query('SELECT 1')
#3 C:\Users\ASUS\Downloads\FWMS\FWMS\system\CodeIgniter.php(974): App\Controllers\Home->index()
#4 C:\Users\ASUS\Downloads\FWMS\FWMS\system\CodeIgniter.php(520): CodeIgniter\CodeIgniter->runController(Object(App\Controllers\Home))
#5 C:\Users\ASUS\Downloads\FWMS\FWMS\system\CodeIgniter.php(363): CodeIgniter\CodeIgniter->handleRequest(NULL, Object(Config\Cache), false)
#6 C:\Users\ASUS\Downloads\FWMS\FWMS\system\Boot.php(417): CodeIgniter\CodeIgniter->run()
#7 C:\Users\ASUS\Downloads\FWMS\FWMS\system\Boot.php(68): CodeIgniter\Boot::runCodeIgniter(Object(CodeIgniter\CodeIgniter))
#8 C:\Users\ASUS\Downloads\FWMS\FWMS\public\index.php(59): CodeIgniter\Boot::bootWeb(Object(Config\Paths))
#9 C:\Users\ASUS\Downloads\FWMS\FWMS\system\rewrite.php(44): require_once('C:\\Users\\ASUS\\D...')
#10 {main}
ERROR - 2026-08-27 01:35:08 --> Error connecting to the database: mysqli_sql_exception: Access denied for user ''@'localhost' (using password: YES) in C:\Users\ASUS\Downloads\FWMS\FWMS\system\Database\MySQLi\Connection.php:201
Stack trace:
#0 C:\Users\ASUS\Downloads\FWMS\FWMS\system\Database\MySQLi\Connection.php(201): mysqli->real_connect('localhost', '', Object(SensitiveParameterValue), '', 3306, '', 0)
#1 C:\Users\ASUS\Downloads\FWMS\FWMS\system\Database\BaseConnection.php(555): CodeIgniter\Database\MySQLi\Connection->connect(false)
#2 C:\Users\ASUS\Downloads\FWMS\FWMS\system\Database\BaseConnection.php(795): CodeIgniter\Database\BaseConnection->initialize()
#3 C:\Users\ASUS\Downloads\FWMS\FWMS\app\Controllers\Home.php(14): CodeIgniter\Database\BaseConnection->query('SELECT 1')
#4 C:\Users\ASUS\Downloads\FWMS\FWMS\system\CodeIgniter.php(974): App\Controllers\Home->index()
#5 C:\Users\ASUS\Downloads\FWMS\FWMS\system\CodeIgniter.php(520): CodeIgniter\CodeIgniter->runController(Object(App\Controllers\Home))
#6 C:\Users\ASUS\Downloads\FWMS\FWMS\system\CodeIgniter.php(363): CodeIgniter\CodeIgniter->handleRequest(NULL, Object(Config\Cache), false)
#7 C:\Users\ASUS\Downloads\FWMS\FWMS\system\Boot.php(417): CodeIgniter\CodeIgniter->run()
#8 C:\Users\ASUS\Downloads\FWMS\FWMS\system\Boot.php(68): CodeIgniter\Boot::runCodeIgniter(Object(CodeIgniter\CodeIgniter))
#9 C:\Users\ASUS\Downloads\FWMS\FWMS\public\index.php(59): CodeIgniter\Boot::bootWeb(Object(Config\Paths))
#10 C:\Users\ASUS\Downloads\FWMS\FWMS\system\rewrite.php(44): require_once('C:\\Users\\ASUS\\D...')
#11 {main}

Next CodeIgniter\Database\Exceptions\DatabaseException: Access denied for user ''@'localhost' (using password: YES) in C:\Users\ASUS\Downloads\FWMS\FWMS\system\Database\MySQLi\Connection.php:231
Stack trace:
#0 C:\Users\ASUS\Downloads\FWMS\FWMS\system\Database\BaseConnection.php(555): CodeIgniter\Database\MySQLi\Connection->connect(false)
#1 C:\Users\ASUS\Downloads\FWMS\FWMS\system\Database\BaseConnection.php(795): CodeIgniter\Database\BaseConnection->initialize()
#2 C:\Users\ASUS\Downloads\FWMS\FWMS\app\Controllers\Home.php(14): CodeIgniter\Database\BaseConnection->query('SELECT 1')
#3 C:\Users\ASUS\Downloads\FWMS\FWMS\system\CodeIgniter.php(974): App\Controllers\Home->index()
#4 C:\Users\ASUS\Downloads\FWMS\FWMS\system\CodeIgniter.php(520): CodeIgniter\CodeIgniter->runController(Object(App\Controllers\Home))
#5 C:\Users\ASUS\Downloads\FWMS\FWMS\system\CodeIgniter.php(363): CodeIgniter\CodeIgniter->handleRequest(NULL, Object(Config\Cache), false)
#6 C:\Users\ASUS\Downloads\FWMS\FWMS\system\Boot.php(417): CodeIgniter\CodeIgniter->run()
#7 C:\Users\ASUS\Downloads\FWMS\FWMS\system\Boot.php(68): CodeIgniter\Boot::runCodeIgniter(Object(CodeIgniter\CodeIgniter))
#8 C:\Users\ASUS\Downloads\FWMS\FWMS\public\index.php(59): CodeIgniter\Boot::bootWeb(Object(Config\Paths))
#9 C:\Users\ASUS\Downloads\FWMS\FWMS\system\rewrite.php(44): require_once('C:\\Users\\ASUS\\D...')
#10 {main}
ERROR - 2026-08-27 01:35:09 --> Error connecting to the database: mysqli_sql_exception: Access denied for user ''@'localhost' (using password: YES) in C:\Users\ASUS\Downloads\FWMS\FWMS\system\Database\MySQLi\Connection.php:201
Stack trace:
#0 C:\Users\ASUS\Downloads\FWMS\FWMS\system\Database\MySQLi\Connection.php(201): mysqli->real_connect('localhost', '', Object(SensitiveParameterValue), '', 3306, '', 0)
#1 C:\Users\ASUS\Downloads\FWMS\FWMS\system\Database\BaseConnection.php(555): CodeIgniter\Database\MySQLi\Connection->connect(false)
#2 C:\Users\ASUS\Downloads\FWMS\FWMS\system\Database\BaseConnection.php(795): CodeIgniter\Database\BaseConnection->initialize()
#3 C:\Users\ASUS\Downloads\FWMS\FWMS\app\Controllers\Home.php(14): CodeIgniter\Database\BaseConnection->query('SELECT 1')
#4 C:\Users\ASUS\Downloads\FWMS\FWMS\system\CodeIgniter.php(974): App\Controllers\Home->index()
#5 C:\Users\ASUS\Downloads\FWMS\FWMS\system\CodeIgniter.php(520): CodeIgniter\CodeIgniter->runController(Object(App\Controllers\Home))
#6 C:\Users\ASUS\Downloads\FWMS\FWMS\system\CodeIgniter.php(363): CodeIgniter\CodeIgniter->handleRequest(NULL, Object(Config\Cache), false)
#7 C:\Users\ASUS\Downloads\FWMS\FWMS\system\Boot.php(417): CodeIgniter\CodeIgniter->run()
#8 C:\Users\ASUS\Downloads\FWMS\FWMS\system\Boot.php(68): CodeIgniter\Boot::runCodeIgniter(Object(CodeIgniter\CodeIgniter))
#9 C:\Users\ASUS\Downloads\FWMS\FWMS\public\index.php(59): CodeIgniter\Boot::bootWeb(Object(Config\Paths))
#10 C:\Users\ASUS\Downloads\FWMS\FWMS\system\rewrite.php(44): require_once('C:\\Users\\ASUS\\D...')
#11 {main}

Next CodeIgniter\Database\Exceptions\DatabaseException: Access denied for user ''@'localhost' (using password: YES) in C:\Users\ASUS\Downloads\FWMS\FWMS\system\Database\MySQLi\Connection.php:231
Stack trace:
#0 C:\Users\ASUS\Downloads\FWMS\FWMS\system\Database\BaseConnection.php(555): CodeIgniter\Database\MySQLi\Connection->connect(false)
#1 C:\Users\ASUS\Downloads\FWMS\FWMS\system\Database\BaseConnection.php(795): CodeIgniter\Database\BaseConnection->initialize()
#2 C:\Users\ASUS\Downloads\FWMS\FWMS\app\Controllers\Home.php(14): CodeIgniter\Database\BaseConnection->query('SELECT 1')
#3 C:\Users\ASUS\Downloads\FWMS\FWMS\system\CodeIgniter.php(974): App\Controllers\Home->index()
#4 C:\Users\ASUS\Downloads\FWMS\FWMS\system\CodeIgniter.php(520): CodeIgniter\CodeIgniter->runController(Object(App\Controllers\Home))
#5 C:\Users\ASUS\Downloads\FWMS\FWMS\system\CodeIgniter.php(363): CodeIgniter\CodeIgniter->handleRequest(NULL, Object(Config\Cache), false)
#6 C:\Users\ASUS\Downloads\FWMS\FWMS\system\Boot.php(417): CodeIgniter\CodeIgniter->run()
#7 C:\Users\ASUS\Downloads\FWMS\FWMS\system\Boot.php(68): CodeIgniter\Boot::runCodeIgniter(Object(CodeIgniter\CodeIgniter))
#8 C:\Users\ASUS\Downloads\FWMS\FWMS\public\index.php(59): CodeIgniter\Boot::bootWeb(Object(Config\Paths))
#9 C:\Users\ASUS\Downloads\FWMS\FWMS\system\rewrite.php(44): require_once('C:\\Users\\ASUS\\D...')
#10 {main}
ERROR - 2026-08-27 01:35:09 --> Error connecting to the database: mysqli_sql_exception: Access denied for user ''@'localhost' (using password: YES) in C:\Users\ASUS\Downloads\FWMS\FWMS\system\Database\MySQLi\Connection.php:201
Stack trace:
#0 C:\Users\ASUS\Downloads\FWMS\FWMS\system\Database\MySQLi\Connection.php(201): mysqli->real_connect('localhost', '', Object(SensitiveParameterValue), '', 3306, '', 0)
#1 C:\Users\ASUS\Downloads\FWMS\FWMS\system\Database\BaseConnection.php(555): CodeIgniter\Database\MySQLi\Connection->connect(false)
#2 C:\Users\ASUS\Downloads\FWMS\FWMS\system\Database\BaseConnection.php(795): CodeIgniter\Database\BaseConnection->initialize()
#3 C:\Users\ASUS\Downloads\FWMS\FWMS\app\Controllers\Home.php(14): CodeIgniter\Database\BaseConnection->query('SELECT 1')
#4 C:\Users\ASUS\Downloads\FWMS\FWMS\system\CodeIgniter.php(974): App\Controllers\Home->index()
#5 C:\Users\ASUS\Downloads\FWMS\FWMS\system\CodeIgniter.php(520): CodeIgniter\CodeIgniter->runController(Object(App\Controllers\Home))
#6 C:\Users\ASUS\Downloads\FWMS\FWMS\system\CodeIgniter.php(363): CodeIgniter\CodeIgniter->handleRequest(NULL, Object(Config\Cache), false)
#7 C:\Users\ASUS\Downloads\FWMS\FWMS\system\Boot.php(417): CodeIgniter\CodeIgniter->run()
#8 C:\Users\ASUS\Downloads\FWMS\FWMS\system\Boot.php(68): CodeIgniter\Boot::runCodeIgniter(Object(CodeIgniter\CodeIgniter))
#9 C:\Users\ASUS\Downloads\FWMS\FWMS\public\index.php(59): CodeIgniter\Boot::bootWeb(Object(Config\Paths))
#10 C:\Users\ASUS\Downloads\FWMS\FWMS\system\rewrite.php(44): require_once('C:\\Users\\ASUS\\D...')
#11 {main}

Next CodeIgniter\Database\Exceptions\DatabaseException: Access denied for user ''@'localhost' (using password: YES) in C:\Users\ASUS\Downloads\FWMS\FWMS\system\Database\MySQLi\Connection.php:231
Stack trace:
#0 C:\Users\ASUS\Downloads\FWMS\FWMS\system\Database\BaseConnection.php(555): CodeIgniter\Database\MySQLi\Connection->connect(false)
#1 C:\Users\ASUS\Downloads\FWMS\FWMS\system\Database\BaseConnection.php(795): CodeIgniter\Database\BaseConnection->initialize()
#2 C:\Users\ASUS\Downloads\FWMS\FWMS\app\Controllers\Home.php(14): CodeIgniter\Database\BaseConnection->query('SELECT 1')
#3 C:\Users\ASUS\Downloads\FWMS\FWMS\system\CodeIgniter.php(974): App\Controllers\Home->index()
#4 C:\Users\ASUS\Downloads\FWMS\FWMS\system\CodeIgniter.php(520): CodeIgniter\CodeIgniter->runController(Object(App\Controllers\Home))
#5 C:\Users\ASUS\Downloads\FWMS\FWMS\system\CodeIgniter.php(363): CodeIgniter\CodeIgniter->handleRequest(NULL, Object(Config\Cache), false)
#6 C:\Users\ASUS\Downloads\FWMS\FWMS\system\Boot.php(417): CodeIgniter\CodeIgniter->run()
#7 C:\Users\ASUS\Downloads\FWMS\FWMS\system\Boot.php(68): CodeIgniter\Boot::runCodeIgniter(Object(CodeIgniter\CodeIgniter))
#8 C:\Users\ASUS\Downloads\FWMS\FWMS\public\index.php(59): CodeIgniter\Boot::bootWeb(Object(Config\Paths))
#9 C:\Users\ASUS\Downloads\FWMS\FWMS\system\rewrite.php(44): require_once('C:\\Users\\ASUS\\D...')
#10 {main}
ERROR - 2026-08-27 01:48:41 --> Error connecting to the database: mysqli_sql_exception: Access denied for user ''@'localhost' (using password: YES) in C:\Users\ASUS\Downloads\FWMS\FWMS\system\Database\MySQLi\Connection.php:201
Stack trace:
#0 C:\Users\ASUS\Downloads\FWMS\FWMS\system\Database\MySQLi\Connection.php(201): mysqli->real_connect('localhost', '', Object(SensitiveParameterValue), '', 3306, '', 0)
#1 C:\Users\ASUS\Downloads\FWMS\FWMS\system\Database\BaseConnection.php(555): CodeIgniter\Database\MySQLi\Connection->connect(false)
#2 C:\Users\ASUS\Downloads\FWMS\FWMS\system\Database\BaseConnection.php(795): CodeIgniter\Database\BaseConnection->initialize()
#3 C:\Users\ASUS\Downloads\FWMS\FWMS\app\Controllers\Home.php(14): CodeIgniter\Database\BaseConnection->query('SELECT 1')
#4 C:\Users\ASUS\Downloads\FWMS\FWMS\system\CodeIgniter.php(974): App\Controllers\Home->index()
#5 C:\Users\ASUS\Downloads\FWMS\FWMS\system\CodeIgniter.php(520): CodeIgniter\CodeIgniter->runController(Object(App\Controllers\Home))
#6 C:\Users\ASUS\Downloads\FWMS\FWMS\system\CodeIgniter.php(363): CodeIgniter\CodeIgniter->handleRequest(NULL, Object(Config\Cache), false)
#7 C:\Users\ASUS\Downloads\FWMS\FWMS\system\Boot.php(417): CodeIgniter\CodeIgniter->run()
#8 C:\Users\ASUS\Downloads\FWMS\FWMS\system\Boot.php(68): CodeIgniter\Boot::runCodeIgniter(Object(CodeIgniter\CodeIgniter))
#9 C:\Users\ASUS\Downloads\FWMS\FWMS\public\index.php(59): CodeIgniter\Boot::bootWeb(Object(Config\Paths))
#10 C:\Users\ASUS\Downloads\FWMS\FWMS\system\rewrite.php(44): require_once('C:\\Users\\ASUS\\D...')
#11 {main}

Next CodeIgniter\Database\Exceptions\DatabaseException: Access denied for user ''@'localhost' (using password: YES) in C:\Users\ASUS\Downloads\FWMS\FWMS\system\Database\MySQLi\Connection.php:231
Stack trace:
#0 C:\Users\ASUS\Downloads\FWMS\FWMS\system\Database\BaseConnection.php(555): CodeIgniter\Database\MySQLi\Connection->connect(false)
#1 C:\Users\ASUS\Downloads\FWMS\FWMS\system\Database\BaseConnection.php(795): CodeIgniter\Database\BaseConnection->initialize()
#2 C:\Users\ASUS\Downloads\FWMS\FWMS\app\Controllers\Home.php(14): CodeIgniter\Database\BaseConnection->query('SELECT 1')
#3 C:\Users\ASUS\Downloads\FWMS\FWMS\system\CodeIgniter.php(974): App\Controllers\Home->index()
#4 C:\Users\ASUS\Downloads\FWMS\FWMS\system\CodeIgniter.php(520): CodeIgniter\CodeIgniter->runController(Object(App\Controllers\Home))
#5 C:\Users\ASUS\Downloads\FWMS\FWMS\system\CodeIgniter.php(363): CodeIgniter\CodeIgniter->handleRequest(NULL, Object(Config\Cache), false)
#6 C:\Users\ASUS\Downloads\FWMS\FWMS\system\Boot.php(417): CodeIgniter\CodeIgniter->run()
#7 C:\Users\ASUS\Downloads\FWMS\FWMS\system\Boot.php(68): CodeIgniter\Boot::runCodeIgniter(Object(CodeIgniter\CodeIgniter))
#8 C:\Users\ASUS\Downloads\FWMS\FWMS\public\index.php(59): CodeIgniter\Boot::bootWeb(Object(Config\Paths))
#9 C:\Users\ASUS\Downloads\FWMS\FWMS\system\rewrite.php(44): require_once('C:\\Users\\ASUS\\D...')
#10 {main}
ERROR - 2026-08-27 01:49:02 --> Error connecting to the database: mysqli_sql_exception: Access denied for user ''@'localhost' (using password: YES) in C:\Users\ASUS\Downloads\FWMS\FWMS\system\Database\MySQLi\Connection.php:201
Stack trace:
#0 C:\Users\ASUS\Downloads\FWMS\FWMS\system\Database\MySQLi\Connection.php(201): mysqli->real_connect('localhost', '', Object(SensitiveParameterValue), '', 3306, '', 0)
#1 C:\Users\ASUS\Downloads\FWMS\FWMS\system\Database\BaseConnection.php(555): CodeIgniter\Database\MySQLi\Connection->connect(false)
#2 C:\Users\ASUS\Downloads\FWMS\FWMS\system\Database\BaseConnection.php(795): CodeIgniter\Database\BaseConnection->initialize()
#3 C:\Users\ASUS\Downloads\FWMS\FWMS\app\Controllers\Home.php(14): CodeIgniter\Database\BaseConnection->query('SELECT 1')
#4 C:\Users\ASUS\Downloads\FWMS\FWMS\system\CodeIgniter.php(974): App\Controllers\Home->index()
#5 C:\Users\ASUS\Downloads\FWMS\FWMS\system\CodeIgniter.php(520): CodeIgniter\CodeIgniter->runController(Object(App\Controllers\Home))
#6 C:\Users\ASUS\Downloads\FWMS\FWMS\system\CodeIgniter.php(363): CodeIgniter\CodeIgniter->handleRequest(NULL, Object(Config\Cache), false)
#7 C:\Users\ASUS\Downloads\FWMS\FWMS\system\Boot.php(417): CodeIgniter\CodeIgniter->run()
#8 C:\Users\ASUS\Downloads\FWMS\FWMS\system\Boot.php(68): CodeIgniter\Boot::runCodeIgniter(Object(CodeIgniter\CodeIgniter))
#9 C:\Users\ASUS\Downloads\FWMS\FWMS\public\index.php(59): CodeIgniter\Boot::bootWeb(Object(Config\Paths))
#10 C:\Users\ASUS\Downloads\FWMS\FWMS\system\rewrite.php(44): require_once('C:\\Users\\ASUS\\D...')
#11 {main}

Next CodeIgniter\Database\Exceptions\DatabaseException: Access denied for user ''@'localhost' (using password: YES) in C:\Users\ASUS\Downloads\FWMS\FWMS\system\Database\MySQLi\Connection.php:231
Stack trace:
#0 C:\Users\ASUS\Downloads\FWMS\FWMS\system\Database\BaseConnection.php(555): CodeIgniter\Database\MySQLi\Connection->connect(false)
#1 C:\Users\ASUS\Downloads\FWMS\FWMS\system\Database\BaseConnection.php(795): CodeIgniter\Database\BaseConnection->initialize()
#2 C:\Users\ASUS\Downloads\FWMS\FWMS\app\Controllers\Home.php(14): CodeIgniter\Database\BaseConnection->query('SELECT 1')
#3 C:\Users\ASUS\Downloads\FWMS\FWMS\system\CodeIgniter.php(974): App\Controllers\Home->index()
#4 C:\Users\ASUS\Downloads\FWMS\FWMS\system\CodeIgniter.php(520): CodeIgniter\CodeIgniter->runController(Object(App\Controllers\Home))
#5 C:\Users\ASUS\Downloads\FWMS\FWMS\system\CodeIgniter.php(363): CodeIgniter\CodeIgniter->handleRequest(NULL, Object(Config\Cache), false)
#6 C:\Users\ASUS\Downloads\FWMS\FWMS\system\Boot.php(417): CodeIgniter\CodeIgniter->run()
#7 C:\Users\ASUS\Downloads\FWMS\FWMS\system\Boot.php(68): CodeIgniter\Boot::runCodeIgniter(Object(CodeIgniter\CodeIgniter))
#8 C:\Users\ASUS\Downloads\FWMS\FWMS\public\index.php(59): CodeIgniter\Boot::bootWeb(Object(Config\Paths))
#9 C:\Users\ASUS\Downloads\FWMS\FWMS\system\rewrite.php(44): require_once('C:\\Users\\ASUS\\D...')
#10 {main}
ERROR - 2026-08-27 01:49:03 --> Error connecting to the database: mysqli_sql_exception: Access denied for user ''@'localhost' (using password: YES) in C:\Users\ASUS\Downloads\FWMS\FWMS\system\Database\MySQLi\Connection.php:201
Stack trace:
#0 C:\Users\ASUS\Downloads\FWMS\FWMS\system\Database\MySQLi\Connection.php(201): mysqli->real_connect('localhost', '', Object(SensitiveParameterValue), '', 3306, '', 0)
#1 C:\Users\ASUS\Downloads\FWMS\FWMS\system\Database\BaseConnection.php(555): CodeIgniter\Database\MySQLi\Connection->connect(false)
#2 C:\Users\ASUS\Downloads\FWMS\FWMS\system\Database\BaseConnection.php(795): CodeIgniter\Database\BaseConnection->initialize()
#3 C:\Users\ASUS\Downloads\FWMS\FWMS\app\Controllers\Home.php(14): CodeIgniter\Database\BaseConnection->query('SELECT 1')
#4 C:\Users\ASUS\Downloads\FWMS\FWMS\system\CodeIgniter.php(974): App\Controllers\Home->index()
#5 C:\Users\ASUS\Downloads\FWMS\FWMS\system\CodeIgniter.php(520): CodeIgniter\CodeIgniter->runController(Object(App\Controllers\Home))
#6 C:\Users\ASUS\Downloads\FWMS\FWMS\system\CodeIgniter.php(363): CodeIgniter\CodeIgniter->handleRequest(NULL, Object(Config\Cache), false)
#7 C:\Users\ASUS\Downloads\FWMS\FWMS\system\Boot.php(417): CodeIgniter\CodeIgniter->run()
#8 C:\Users\ASUS\Downloads\FWMS\FWMS\system\Boot.php(68): CodeIgniter\Boot::runCodeIgniter(Object(CodeIgniter\CodeIgniter))
#9 C:\Users\ASUS\Downloads\FWMS\FWMS\public\index.php(59): CodeIgniter\Boot::bootWeb(Object(Config\Paths))
#10 C:\Users\ASUS\Downloads\FWMS\FWMS\system\rewrite.php(44): require_once('C:\\Users\\ASUS\\D...')
#11 {main}

Next CodeIgniter\Database\Exceptions\DatabaseException: Access denied for user ''@'localhost' (using password: YES) in C:\Users\ASUS\Downloads\FWMS\FWMS\system\Database\MySQLi\Connection.php:231
Stack trace:
#0 C:\Users\ASUS\Downloads\FWMS\FWMS\system\Database\BaseConnection.php(555): CodeIgniter\Database\MySQLi\Connection->connect(false)
#1 C:\Users\ASUS\Downloads\FWMS\FWMS\system\Database\BaseConnection.php(795): CodeIgniter\Database\BaseConnection->initialize()
#2 C:\Users\ASUS\Downloads\FWMS\FWMS\app\Controllers\Home.php(14): CodeIgniter\Database\BaseConnection->query('SELECT 1')
#3 C:\Users\ASUS\Downloads\FWMS\FWMS\system\CodeIgniter.php(974): App\Controllers\Home->index()
#4 C:\Users\ASUS\Downloads\FWMS\FWMS\system\CodeIgniter.php(520): CodeIgniter\CodeIgniter->runController(Object(App\Controllers\Home))
#5 C:\Users\ASUS\Downloads\FWMS\FWMS\system\CodeIgniter.php(363): CodeIgniter\CodeIgniter->handleRequest(NULL, Object(Config\Cache), false)
#6 C:\Users\ASUS\Downloads\FWMS\FWMS\system\Boot.php(417): CodeIgniter\CodeIgniter->run()
#7 C:\Users\ASUS\Downloads\FWMS\FWMS\system\Boot.php(68): CodeIgniter\Boot::runCodeIgniter(Object(CodeIgniter\CodeIgniter))
#8 C:\Users\ASUS\Downloads\FWMS\FWMS\public\index.php(59): CodeIgniter\Boot::bootWeb(Object(Config\Paths))
#9 C:\Users\ASUS\Downloads\FWMS\FWMS\system\rewrite.php(44): require_once('C:\\Users\\ASUS\\D...')
#10 {main}
ERROR - 2026-08-27 01:49:03 --> Error connecting to the database: mysqli_sql_exception: Access denied for user ''@'localhost' (using password: YES) in C:\Users\ASUS\Downloads\FWMS\FWMS\system\Database\MySQLi\Connection.php:201
Stack trace:
#0 C:\Users\ASUS\Downloads\FWMS\FWMS\system\Database\MySQLi\Connection.php(201): mysqli->real_connect('localhost', '', Object(SensitiveParameterValue), '', 3306, '', 0)
#1 C:\Users\ASUS\Downloads\FWMS\FWMS\system\Database\BaseConnection.php(555): CodeIgniter\Database\MySQLi\Connection->connect(false)
#2 C:\Users\ASUS\Downloads\FWMS\FWMS\system\Database\BaseConnection.php(795): CodeIgniter\Database\BaseConnection->initialize()
#3 C:\Users\ASUS\Downloads\FWMS\FWMS\app\Controllers\Home.php(14): CodeIgniter\Database\BaseConnection->query('SELECT 1')
#4 C:\Users\ASUS\Downloads\FWMS\FWMS\system\CodeIgniter.php(974): App\Controllers\Home->index()
#5 C:\Users\ASUS\Downloads\FWMS\FWMS\system\CodeIgniter.php(520): CodeIgniter\CodeIgniter->runController(Object(App\Controllers\Home))
#6 C:\Users\ASUS\Downloads\FWMS\FWMS\system\CodeIgniter.php(363): CodeIgniter\CodeIgniter->handleRequest(NULL, Object(Config\Cache), false)
#7 C:\Users\ASUS\Downloads\FWMS\FWMS\system\Boot.php(417): CodeIgniter\CodeIgniter->run()
#8 C:\Users\ASUS\Downloads\FWMS\FWMS\system\Boot.php(68): CodeIgniter\Boot::runCodeIgniter(Object(CodeIgniter\CodeIgniter))
#9 C:\Users\ASUS\Downloads\FWMS\FWMS\public\index.php(59): CodeIgniter\Boot::bootWeb(Object(Config\Paths))
#10 C:\Users\ASUS\Downloads\FWMS\FWMS\system\rewrite.php(44): require_once('C:\\Users\\ASUS\\D...')
#11 {main}

Next CodeIgniter\Database\Exceptions\DatabaseException: Access denied for user ''@'localhost' (using password: YES) in C:\Users\ASUS\Downloads\FWMS\FWMS\system\Database\MySQLi\Connection.php:231
Stack trace:
#0 C:\Users\ASUS\Downloads\FWMS\FWMS\system\Database\BaseConnection.php(555): CodeIgniter\Database\MySQLi\Connection->connect(false)
#1 C:\Users\ASUS\Downloads\FWMS\FWMS\system\Database\BaseConnection.php(795): CodeIgniter\Database\BaseConnection->initialize()
#2 C:\Users\ASUS\Downloads\FWMS\FWMS\app\Controllers\Home.php(14): CodeIgniter\Database\BaseConnection->query('SELECT 1')
#3 C:\Users\ASUS\Downloads\FWMS\FWMS\system\CodeIgniter.php(974): App\Controllers\Home->index()
#4 C:\Users\ASUS\Downloads\FWMS\FWMS\system\CodeIgniter.php(520): CodeIgniter\CodeIgniter->runController(Object(App\Controllers\Home))
#5 C:\Users\ASUS\Downloads\FWMS\FWMS\system\CodeIgniter.php(363): CodeIgniter\CodeIgniter->handleRequest(NULL, Object(Config\Cache), false)
#6 C:\Users\ASUS\Downloads\FWMS\FWMS\system\Boot.php(417): CodeIgniter\CodeIgniter->run()
#7 C:\Users\ASUS\Downloads\FWMS\FWMS\system\Boot.php(68): CodeIgniter\Boot::runCodeIgniter(Object(CodeIgniter\CodeIgniter))
#8 C:\Users\ASUS\Downloads\FWMS\FWMS\public\index.php(59): CodeIgniter\Boot::bootWeb(Object(Config\Paths))
#9 C:\Users\ASUS\Downloads\FWMS\FWMS\system\rewrite.php(44): require_once('C:\\Users\\ASUS\\D...')
#10 {main}
ERROR - 2026-08-27 01:52:24 --> Error connecting to the database: mysqli_sql_exception: Access denied for user ''@'localhost' (using password: YES) in C:\Users\ASUS\Downloads\FWMS\FWMS\system\Database\MySQLi\Connection.php:201
Stack trace:
#0 C:\Users\ASUS\Downloads\FWMS\FWMS\system\Database\MySQLi\Connection.php(201): mysqli->real_connect('localhost', '', Object(SensitiveParameterValue), '', 3306, '', 0)
#1 C:\Users\ASUS\Downloads\FWMS\FWMS\system\Database\BaseConnection.php(555): CodeIgniter\Database\MySQLi\Connection->connect(false)
#2 C:\Users\ASUS\Downloads\FWMS\FWMS\system\Database\BaseConnection.php(795): CodeIgniter\Database\BaseConnection->initialize()
#3 C:\Users\ASUS\Downloads\FWMS\FWMS\app\Controllers\Home.php(14): CodeIgniter\Database\BaseConnection->query('SELECT 1')
#4 C:\Users\ASUS\Downloads\FWMS\FWMS\system\CodeIgniter.php(974): App\Controllers\Home->index()
#5 C:\Users\ASUS\Downloads\FWMS\FWMS\system\CodeIgniter.php(520): CodeIgniter\CodeIgniter->runController(Object(App\Controllers\Home))
#6 C:\Users\ASUS\Downloads\FWMS\FWMS\system\CodeIgniter.php(363): CodeIgniter\CodeIgniter->handleRequest(NULL, Object(Config\Cache), false)
#7 C:\Users\ASUS\Downloads\FWMS\FWMS\system\Boot.php(417): CodeIgniter\CodeIgniter->run()
#8 C:\Users\ASUS\Downloads\FWMS\FWMS\system\Boot.php(68): CodeIgniter\Boot::runCodeIgniter(Object(CodeIgniter\CodeIgniter))
#9 C:\Users\ASUS\Downloads\FWMS\FWMS\public\index.php(59): CodeIgniter\Boot::bootWeb(Object(Config\Paths))
#10 C:\Users\ASUS\Downloads\FWMS\FWMS\system\rewrite.php(44): require_once('C:\\Users\\ASUS\\D...')
#11 {main}

Next CodeIgniter\Database\Exceptions\DatabaseException: Access denied for user ''@'localhost' (using password: YES) in C:\Users\ASUS\Downloads\FWMS\FWMS\system\Database\MySQLi\Connection.php:231
Stack trace:
#0 C:\Users\ASUS\Downloads\FWMS\FWMS\system\Database\BaseConnection.php(555): CodeIgniter\Database\MySQLi\Connection->connect(false)
#1 C:\Users\ASUS\Downloads\FWMS\FWMS\system\Database\BaseConnection.php(795): CodeIgniter\Database\BaseConnection->initialize()
#2 C:\Users\ASUS\Downloads\FWMS\FWMS\app\Controllers\Home.php(14): CodeIgniter\Database\BaseConnection->query('SELECT 1')
#3 C:\Users\ASUS\Downloads\FWMS\FWMS\system\CodeIgniter.php(974): App\Controllers\Home->index()
#4 C:\Users\ASUS\Downloads\FWMS\FWMS\system\CodeIgniter.php(520): CodeIgniter\CodeIgniter->runController(Object(App\Controllers\Home))
#5 C:\Users\ASUS\Downloads\FWMS\FWMS\system\CodeIgniter.php(363): CodeIgniter\CodeIgniter->handleRequest(NULL, Object(Config\Cache), false)
#6 C:\Users\ASUS\Downloads\FWMS\FWMS\system\Boot.php(417): CodeIgniter\CodeIgniter->run()
#7 C:\Users\ASUS\Downloads\FWMS\FWMS\system\Boot.php(68): CodeIgniter\Boot::runCodeIgniter(Object(CodeIgniter\CodeIgniter))
#8 C:\Users\ASUS\Downloads\FWMS\FWMS\public\index.php(59): CodeIgniter\Boot::bootWeb(Object(Config\Paths))
#9 C:\Users\ASUS\Downloads\FWMS\FWMS\system\rewrite.php(44): require_once('C:\\Users\\ASUS\\D...')
#10 {main}
ERROR - 2026-08-27 01:52:27 --> Error connecting to the database: mysqli_sql_exception: Access denied for user ''@'localhost' (using password: YES) in C:\Users\ASUS\Downloads\FWMS\FWMS\system\Database\MySQLi\Connection.php:201
Stack trace:
#0 C:\Users\ASUS\Downloads\FWMS\FWMS\system\Database\MySQLi\Connection.php(201): mysqli->real_connect('localhost', '', Object(SensitiveParameterValue), '', 3306, '', 0)
#1 C:\Users\ASUS\Downloads\FWMS\FWMS\system\Database\BaseConnection.php(555): CodeIgniter\Database\MySQLi\Connection->connect(false)
#2 C:\Users\ASUS\Downloads\FWMS\FWMS\system\Database\BaseConnection.php(795): CodeIgniter\Database\BaseConnection->initialize()
#3 C:\Users\ASUS\Downloads\FWMS\FWMS\app\Controllers\Home.php(14): CodeIgniter\Database\BaseConnection->query('SELECT 1')
#4 C:\Users\ASUS\Downloads\FWMS\FWMS\system\CodeIgniter.php(974): App\Controllers\Home->index()
#5 C:\Users\ASUS\Downloads\FWMS\FWMS\system\CodeIgniter.php(520): CodeIgniter\CodeIgniter->runController(Object(App\Controllers\Home))
#6 C:\Users\ASUS\Downloads\FWMS\FWMS\system\CodeIgniter.php(363): CodeIgniter\CodeIgniter->handleRequest(NULL, Object(Config\Cache), false)
#7 C:\Users\ASUS\Downloads\FWMS\FWMS\system\Boot.php(417): CodeIgniter\CodeIgniter->run()
#8 C:\Users\ASUS\Downloads\FWMS\FWMS\system\Boot.php(68): CodeIgniter\Boot::runCodeIgniter(Object(CodeIgniter\CodeIgniter))
#9 C:\Users\ASUS\Downloads\FWMS\FWMS\public\index.php(59): CodeIgniter\Boot::bootWeb(Object(Config\Paths))
#10 C:\Users\ASUS\Downloads\FWMS\FWMS\system\rewrite.php(44): require_once('C:\\Users\\ASUS\\D...')
#11 {main}

Next CodeIgniter\Database\Exceptions\DatabaseException: Access denied for user ''@'localhost' (using password: YES) in C:\Users\ASUS\Downloads\FWMS\FWMS\system\Database\MySQLi\Connection.php:231
Stack trace:
#0 C:\Users\ASUS\Downloads\FWMS\FWMS\system\Database\BaseConnection.php(555): CodeIgniter\Database\MySQLi\Connection->connect(false)
#1 C:\Users\ASUS\Downloads\FWMS\FWMS\system\Database\BaseConnection.php(795): CodeIgniter\Database\BaseConnection->initialize()
#2 C:\Users\ASUS\Downloads\FWMS\FWMS\app\Controllers\Home.php(14): CodeIgniter\Database\BaseConnection->query('SELECT 1')
#3 C:\Users\ASUS\Downloads\FWMS\FWMS\system\CodeIgniter.php(974): App\Controllers\Home->index()
#4 C:\Users\ASUS\Downloads\FWMS\FWMS\system\CodeIgniter.php(520): CodeIgniter\CodeIgniter->runController(Object(App\Controllers\Home))
#5 C:\Users\ASUS\Downloads\FWMS\FWMS\system\CodeIgniter.php(363): CodeIgniter\CodeIgniter->handleRequest(NULL, Object(Config\Cache), false)
#6 C:\Users\ASUS\Downloads\FWMS\FWMS\system\Boot.php(417): CodeIgniter\CodeIgniter->run()
#7 C:\Users\ASUS\Downloads\FWMS\FWMS\system\Boot.php(68): CodeIgniter\Boot::runCodeIgniter(Object(CodeIgniter\CodeIgniter))
#8 C:\Users\ASUS\Downloads\FWMS\FWMS\public\index.php(59): CodeIgniter\Boot::bootWeb(Object(Config\Paths))
#9 C:\Users\ASUS\Downloads\FWMS\FWMS\system\rewrite.php(44): require_once('C:\\Users\\ASUS\\D...')
#10 {main}
ERROR - 2026-08-27 01:52:27 --> Error connecting to the database: mysqli_sql_exception: Access denied for user ''@'localhost' (using password: YES) in C:\Users\ASUS\Downloads\FWMS\FWMS\system\Database\MySQLi\Connection.php:201
Stack trace:
#0 C:\Users\ASUS\Downloads\FWMS\FWMS\system\Database\MySQLi\Connection.php(201): mysqli->real_connect('localhost', '', Object(SensitiveParameterValue), '', 3306, '', 0)
#1 C:\Users\ASUS\Downloads\FWMS\FWMS\system\Database\BaseConnection.php(555): CodeIgniter\Database\MySQLi\Connection->connect(false)
#2 C:\Users\ASUS\Downloads\FWMS\FWMS\system\Database\BaseConnection.php(795): CodeIgniter\Database\BaseConnection->initialize()
#3 C:\Users\ASUS\Downloads\FWMS\FWMS\app\Controllers\Home.php(14): CodeIgniter\Database\BaseConnection->query('SELECT 1')
#4 C:\Users\ASUS\Downloads\FWMS\FWMS\system\CodeIgniter.php(974): App\Controllers\Home->index()
#5 C:\Users\ASUS\Downloads\FWMS\FWMS\system\CodeIgniter.php(520): CodeIgniter\CodeIgniter->runController(Object(App\Controllers\Home))
#6 C:\Users\ASUS\Downloads\FWMS\FWMS\system\CodeIgniter.php(363): CodeIgniter\CodeIgniter->handleRequest(NULL, Object(Config\Cache), false)
#7 C:\Users\ASUS\Downloads\FWMS\FWMS\system\Boot.php(417): CodeIgniter\CodeIgniter->run()
#8 C:\Users\ASUS\Downloads\FWMS\FWMS\system\Boot.php(68): CodeIgniter\Boot::runCodeIgniter(Object(CodeIgniter\CodeIgniter))
#9 C:\Users\ASUS\Downloads\FWMS\FWMS\public\index.php(59): CodeIgniter\Boot::bootWeb(Object(Config\Paths))
#10 C:\Users\ASUS\Downloads\FWMS\FWMS\system\rewrite.php(44): require_once('C:\\Users\\ASUS\\D...')
#11 {main}

Next CodeIgniter\Database\Exceptions\DatabaseException: Access denied for user ''@'localhost' (using password: YES) in C:\Users\ASUS\Downloads\FWMS\FWMS\system\Database\MySQLi\Connection.php:231
Stack trace:
#0 C:\Users\ASUS\Downloads\FWMS\FWMS\system\Database\BaseConnection.php(555): CodeIgniter\Database\MySQLi\Connection->connect(false)
#1 C:\Users\ASUS\Downloads\FWMS\FWMS\system\Database\BaseConnection.php(795): CodeIgniter\Database\BaseConnection->initialize()
#2 C:\Users\ASUS\Downloads\FWMS\FWMS\app\Controllers\Home.php(14): CodeIgniter\Database\BaseConnection->query('SELECT 1')
#3 C:\Users\ASUS\Downloads\FWMS\FWMS\system\CodeIgniter.php(974): App\Controllers\Home->index()
#4 C:\Users\ASUS\Downloads\FWMS\FWMS\system\CodeIgniter.php(520): CodeIgniter\CodeIgniter->runController(Object(App\Controllers\Home))
#5 C:\Users\ASUS\Downloads\FWMS\FWMS\system\CodeIgniter.php(363): CodeIgniter\CodeIgniter->handleRequest(NULL, Object(Config\Cache), false)
#6 C:\Users\ASUS\Downloads\FWMS\FWMS\system\Boot.php(417): CodeIgniter\CodeIgniter->run()
#7 C:\Users\ASUS\Downloads\FWMS\FWMS\system\Boot.php(68): CodeIgniter\Boot::runCodeIgniter(Object(CodeIgniter\CodeIgniter))
#8 C:\Users\ASUS\Downloads\FWMS\FWMS\public\index.php(59): CodeIgniter\Boot::bootWeb(Object(Config\Paths))
#9 C:\Users\ASUS\Downloads\FWMS\FWMS\system\rewrite.php(44): require_once('C:\\Users\\ASUS\\D...')
#10 {main}
ERROR - 2026-08-27 01:52:28 --> Error connecting to the database: mysqli_sql_exception: Access denied for user ''@'localhost' (using password: YES) in C:\Users\ASUS\Downloads\FWMS\FWMS\system\Database\MySQLi\Connection.php:201
Stack trace:
#0 C:\Users\ASUS\Downloads\FWMS\FWMS\system\Database\MySQLi\Connection.php(201): mysqli->real_connect('localhost', '', Object(SensitiveParameterValue), '', 3306, '', 0)
#1 C:\Users\ASUS\Downloads\FWMS\FWMS\system\Database\BaseConnection.php(555): CodeIgniter\Database\MySQLi\Connection->connect(false)
#2 C:\Users\ASUS\Downloads\FWMS\FWMS\system\Database\BaseConnection.php(795): CodeIgniter\Database\BaseConnection->initialize()
#3 C:\Users\ASUS\Downloads\FWMS\FWMS\app\Controllers\Home.php(14): CodeIgniter\Database\BaseConnection->query('SELECT 1')
#4 C:\Users\ASUS\Downloads\FWMS\FWMS\system\CodeIgniter.php(974): App\Controllers\Home->index()
#5 C:\Users\ASUS\Downloads\FWMS\FWMS\system\CodeIgniter.php(520): CodeIgniter\CodeIgniter->runController(Object(App\Controllers\Home))
#6 C:\Users\ASUS\Downloads\FWMS\FWMS\system\CodeIgniter.php(363): CodeIgniter\CodeIgniter->handleRequest(NULL, Object(Config\Cache), false)
#7 C:\Users\ASUS\Downloads\FWMS\FWMS\system\Boot.php(417): CodeIgniter\CodeIgniter->run()
#8 C:\Users\ASUS\Downloads\FWMS\FWMS\system\Boot.php(68): CodeIgniter\Boot::runCodeIgniter(Object(CodeIgniter\CodeIgniter))
#9 C:\Users\ASUS\Downloads\FWMS\FWMS\public\index.php(59): CodeIgniter\Boot::bootWeb(Object(Config\Paths))
#10 C:\Users\ASUS\Downloads\FWMS\FWMS\system\rewrite.php(44): require_once('C:\\Users\\ASUS\\D...')
#11 {main}

Next CodeIgniter\Database\Exceptions\DatabaseException: Access denied for user ''@'localhost' (using password: YES) in C:\Users\ASUS\Downloads\FWMS\FWMS\system\Database\MySQLi\Connection.php:231
Stack trace:
#0 C:\Users\ASUS\Downloads\FWMS\FWMS\system\Database\BaseConnection.php(555): CodeIgniter\Database\MySQLi\Connection->connect(false)
#1 C:\Users\ASUS\Downloads\FWMS\FWMS\system\Database\BaseConnection.php(795): CodeIgniter\Database\BaseConnection->initialize()
#2 C:\Users\ASUS\Downloads\FWMS\FWMS\app\Controllers\Home.php(14): CodeIgniter\Database\BaseConnection->query('SELECT 1')
#3 C:\Users\ASUS\Downloads\FWMS\FWMS\system\CodeIgniter.php(974): App\Controllers\Home->index()
#4 C:\Users\ASUS\Downloads\FWMS\FWMS\system\CodeIgniter.php(520): CodeIgniter\CodeIgniter->runController(Object(App\Controllers\Home))
#5 C:\Users\ASUS\Downloads\FWMS\FWMS\system\CodeIgniter.php(363): CodeIgniter\CodeIgniter->handleRequest(NULL, Object(Config\Cache), false)
#6 C:\Users\ASUS\Downloads\FWMS\FWMS\system\Boot.php(417): CodeIgniter\CodeIgniter->run()
#7 C:\Users\ASUS\Downloads\FWMS\FWMS\system\Boot.php(68): CodeIgniter\Boot::runCodeIgniter(Object(CodeIgniter\CodeIgniter))
#8 C:\Users\ASUS\Downloads\FWMS\FWMS\public\index.php(59): CodeIgniter\Boot::bootWeb(Object(Config\Paths))
#9 C:\Users\ASUS\Downloads\FWMS\FWMS\system\rewrite.php(44): require_once('C:\\Users\\ASUS\\D...')
#10 {main}
ERROR - 2026-08-27 01:52:28 --> Error connecting to the database: mysqli_sql_exception: Access denied for user ''@'localhost' (using password: YES) in C:\Users\ASUS\Downloads\FWMS\FWMS\system\Database\MySQLi\Connection.php:201
Stack trace:
#0 C:\Users\ASUS\Downloads\FWMS\FWMS\system\Database\MySQLi\Connection.php(201): mysqli->real_connect('localhost', '', Object(SensitiveParameterValue), '', 3306, '', 0)
#1 C:\Users\ASUS\Downloads\FWMS\FWMS\system\Database\BaseConnection.php(555): CodeIgniter\Database\MySQLi\Connection->connect(false)
#2 C:\Users\ASUS\Downloads\FWMS\FWMS\system\Database\BaseConnection.php(795): CodeIgniter\Database\BaseConnection->initialize()
#3 C:\Users\ASUS\Downloads\FWMS\FWMS\app\Controllers\Home.php(14): CodeIgniter\Database\BaseConnection->query('SELECT 1')
#4 C:\Users\ASUS\Downloads\FWMS\FWMS\system\CodeIgniter.php(974): App\Controllers\Home->index()
#5 C:\Users\ASUS\Downloads\FWMS\FWMS\system\CodeIgniter.php(520): CodeIgniter\CodeIgniter->runController(Object(App\Controllers\Home))
#6 C:\Users\ASUS\Downloads\FWMS\FWMS\system\CodeIgniter.php(363): CodeIgniter\CodeIgniter->handleRequest(NULL, Object(Config\Cache), false)
#7 C:\Users\ASUS\Downloads\FWMS\FWMS\system\Boot.php(417): CodeIgniter\CodeIgniter->run()
#8 C:\Users\ASUS\Downloads\FWMS\FWMS\system\Boot.php(68): CodeIgniter\Boot::runCodeIgniter(Object(CodeIgniter\CodeIgniter))
#9 C:\Users\ASUS\Downloads\FWMS\FWMS\public\index.php(59): CodeIgniter\Boot::bootWeb(Object(Config\Paths))
#10 C:\Users\ASUS\Downloads\FWMS\FWMS\system\rewrite.php(44): require_once('C:\\Users\\ASUS\\D...')
#11 {main}

Next CodeIgniter\Database\Exceptions\DatabaseException: Access denied for user ''@'localhost' (using password: YES) in C:\Users\ASUS\Downloads\FWMS\FWMS\system\Database\MySQLi\Connection.php:231
Stack trace:
#0 C:\Users\ASUS\Downloads\FWMS\FWMS\system\Database\BaseConnection.php(555): CodeIgniter\Database\MySQLi\Connection->connect(false)
#1 C:\Users\ASUS\Downloads\FWMS\FWMS\system\Database\BaseConnection.php(795): CodeIgniter\Database\BaseConnection->initialize()
#2 C:\Users\ASUS\Downloads\FWMS\FWMS\app\Controllers\Home.php(14): CodeIgniter\Database\BaseConnection->query('SELECT 1')
#3 C:\Users\ASUS\Downloads\FWMS\FWMS\system\CodeIgniter.php(974): App\Controllers\Home->index()
#4 C:\Users\ASUS\Downloads\FWMS\FWMS\system\CodeIgniter.php(520): CodeIgniter\CodeIgniter->runController(Object(App\Controllers\Home))
#5 C:\Users\ASUS\Downloads\FWMS\FWMS\system\CodeIgniter.php(363): CodeIgniter\CodeIgniter->handleRequest(NULL, Object(Config\Cache), false)
#6 C:\Users\ASUS\Downloads\FWMS\FWMS\system\Boot.php(417): CodeIgniter\CodeIgniter->run()
#7 C:\Users\ASUS\Downloads\FWMS\FWMS\system\Boot.php(68): CodeIgniter\Boot::runCodeIgniter(Object(CodeIgniter\CodeIgniter))
#8 C:\Users\ASUS\Downloads\FWMS\FWMS\public\index.php(59): CodeIgniter\Boot::bootWeb(Object(Config\Paths))
#9 C:\Users\ASUS\Downloads\FWMS\FWMS\system\rewrite.php(44): require_once('C:\\Users\\ASUS\\D...')
#10 {main}
ERROR - 2026-08-27 01:52:29 --> Error connecting to the database: mysqli_sql_exception: Access denied for user ''@'localhost' (using password: YES) in C:\Users\ASUS\Downloads\FWMS\FWMS\system\Database\MySQLi\Connection.php:201
Stack trace:
#0 C:\Users\ASUS\Downloads\FWMS\FWMS\system\Database\MySQLi\Connection.php(201): mysqli->real_connect('localhost', '', Object(SensitiveParameterValue), '', 3306, '', 0)
#1 C:\Users\ASUS\Downloads\FWMS\FWMS\system\Database\BaseConnection.php(555): CodeIgniter\Database\MySQLi\Connection->connect(false)
#2 C:\Users\ASUS\Downloads\FWMS\FWMS\system\Database\BaseConnection.php(795): CodeIgniter\Database\BaseConnection->initialize()
#3 C:\Users\ASUS\Downloads\FWMS\FWMS\app\Controllers\Home.php(14): CodeIgniter\Database\BaseConnection->query('SELECT 1')
#4 C:\Users\ASUS\Downloads\FWMS\FWMS\system\CodeIgniter.php(974): App\Controllers\Home->index()
#5 C:\Users\ASUS\Downloads\FWMS\FWMS\system\CodeIgniter.php(520): CodeIgniter\CodeIgniter->runController(Object(App\Controllers\Home))
#6 C:\Users\ASUS\Downloads\FWMS\FWMS\system\CodeIgniter.php(363): CodeIgniter\CodeIgniter->handleRequest(NULL, Object(Config\Cache), false)
#7 C:\Users\ASUS\Downloads\FWMS\FWMS\system\Boot.php(417): CodeIgniter\CodeIgniter->run()
#8 C:\Users\ASUS\Downloads\FWMS\FWMS\system\Boot.php(68): CodeIgniter\Boot::runCodeIgniter(Object(CodeIgniter\CodeIgniter))
#9 C:\Users\ASUS\Downloads\FWMS\FWMS\public\index.php(59): CodeIgniter\Boot::bootWeb(Object(Config\Paths))
#10 C:\Users\ASUS\Downloads\FWMS\FWMS\system\rewrite.php(44): require_once('C:\\Users\\ASUS\\D...')
#11 {main}

Next CodeIgniter\Database\Exceptions\DatabaseException: Access denied for user ''@'localhost' (using password: YES) in C:\Users\ASUS\Downloads\FWMS\FWMS\system\Database\MySQLi\Connection.php:231
Stack trace:
#0 C:\Users\ASUS\Downloads\FWMS\FWMS\system\Database\BaseConnection.php(555): CodeIgniter\Database\MySQLi\Connection->connect(false)
#1 C:\Users\ASUS\Downloads\FWMS\FWMS\system\Database\BaseConnection.php(795): CodeIgniter\Database\BaseConnection->initialize()
#2 C:\Users\ASUS\Downloads\FWMS\FWMS\app\Controllers\Home.php(14): CodeIgniter\Database\BaseConnection->query('SELECT 1')
#3 C:\Users\ASUS\Downloads\FWMS\FWMS\system\CodeIgniter.php(974): App\Controllers\Home->index()
#4 C:\Users\ASUS\Downloads\FWMS\FWMS\system\CodeIgniter.php(520): CodeIgniter\CodeIgniter->runController(Object(App\Controllers\Home))
#5 C:\Users\ASUS\Downloads\FWMS\FWMS\system\CodeIgniter.php(363): CodeIgniter\CodeIgniter->handleRequest(NULL, Object(Config\Cache), false)
#6 C:\Users\ASUS\Downloads\FWMS\FWMS\system\Boot.php(417): CodeIgniter\CodeIgniter->run()
#7 C:\Users\ASUS\Downloads\FWMS\FWMS\system\Boot.php(68): CodeIgniter\Boot::runCodeIgniter(Object(CodeIgniter\CodeIgniter))
#8 C:\Users\ASUS\Downloads\FWMS\FWMS\public\index.php(59): CodeIgniter\Boot::bootWeb(Object(Config\Paths))
#9 C:\Users\ASUS\Downloads\FWMS\FWMS\system\rewrite.php(44): require_once('C:\\Users\\ASUS\\D...')
#10 {main}
ERROR - 2026-08-27 01:52:29 --> Error connecting to the database: mysqli_sql_exception: Access denied for user ''@'localhost' (using password: YES) in C:\Users\ASUS\Downloads\FWMS\FWMS\system\Database\MySQLi\Connection.php:201
Stack trace:
#0 C:\Users\ASUS\Downloads\FWMS\FWMS\system\Database\MySQLi\Connection.php(201): mysqli->real_connect('localhost', '', Object(SensitiveParameterValue), '', 3306, '', 0)
#1 C:\Users\ASUS\Downloads\FWMS\FWMS\system\Database\BaseConnection.php(555): CodeIgniter\Database\MySQLi\Connection->connect(false)
#2 C:\Users\ASUS\Downloads\FWMS\FWMS\system\Database\BaseConnection.php(795): CodeIgniter\Database\BaseConnection->initialize()
#3 C:\Users\ASUS\Downloads\FWMS\FWMS\app\Controllers\Home.php(14): CodeIgniter\Database\BaseConnection->query('SELECT 1')
#4 C:\Users\ASUS\Downloads\FWMS\FWMS\system\CodeIgniter.php(974): App\Controllers\Home->index()
#5 C:\Users\ASUS\Downloads\FWMS\FWMS\system\CodeIgniter.php(520): CodeIgniter\CodeIgniter->runController(Object(App\Controllers\Home))
#6 C:\Users\ASUS\Downloads\FWMS\FWMS\system\CodeIgniter.php(363): CodeIgniter\CodeIgniter->handleRequest(NULL, Object(Config\Cache), false)
#7 C:\Users\ASUS\Downloads\FWMS\FWMS\system\Boot.php(417): CodeIgniter\CodeIgniter->run()
#8 C:\Users\ASUS\Downloads\FWMS\FWMS\system\Boot.php(68): CodeIgniter\Boot::runCodeIgniter(Object(CodeIgniter\CodeIgniter))
#9 C:\Users\ASUS\Downloads\FWMS\FWMS\public\index.php(59): CodeIgniter\Boot::bootWeb(Object(Config\Paths))
#10 C:\Users\ASUS\Downloads\FWMS\FWMS\system\rewrite.php(44): require_once('C:\\Users\\ASUS\\D...')
#11 {main}

Next CodeIgniter\Database\Exceptions\DatabaseException: Access denied for user ''@'localhost' (using password: YES) in C:\Users\ASUS\Downloads\FWMS\FWMS\system\Database\MySQLi\Connection.php:231
Stack trace:
#0 C:\Users\ASUS\Downloads\FWMS\FWMS\system\Database\BaseConnection.php(555): CodeIgniter\Database\MySQLi\Connection->connect(false)
#1 C:\Users\ASUS\Downloads\FWMS\FWMS\system\Database\BaseConnection.php(795): CodeIgniter\Database\BaseConnection->initialize()
#2 C:\Users\ASUS\Downloads\FWMS\FWMS\app\Controllers\Home.php(14): CodeIgniter\Database\BaseConnection->query('SELECT 1')
#3 C:\Users\ASUS\Downloads\FWMS\FWMS\system\CodeIgniter.php(974): App\Controllers\Home->index()
#4 C:\Users\ASUS\Downloads\FWMS\FWMS\system\CodeIgniter.php(520): CodeIgniter\CodeIgniter->runController(Object(App\Controllers\Home))
#5 C:\Users\ASUS\Downloads\FWMS\FWMS\system\CodeIgniter.php(363): CodeIgniter\CodeIgniter->handleRequest(NULL, Object(Config\Cache), false)
#6 C:\Users\ASUS\Downloads\FWMS\FWMS\system\Boot.php(417): CodeIgniter\CodeIgniter->run()
#7 C:\Users\ASUS\Downloads\FWMS\FWMS\system\Boot.php(68): CodeIgniter\Boot::runCodeIgniter(Object(CodeIgniter\CodeIgniter))
#8 C:\Users\ASUS\Downloads\FWMS\FWMS\public\index.php(59): CodeIgniter\Boot::bootWeb(Object(Config\Paths))
#9 C:\Users\ASUS\Downloads\FWMS\FWMS\system\rewrite.php(44): require_once('C:\\Users\\ASUS\\D...')
#10 {main}
ERROR - 2026-08-27 01:52:31 --> Error connecting to the database: mysqli_sql_exception: Access denied for user ''@'localhost' (using password: YES) in C:\Users\ASUS\Downloads\FWMS\FWMS\system\Database\MySQLi\Connection.php:201
Stack trace:
#0 C:\Users\ASUS\Downloads\FWMS\FWMS\system\Database\MySQLi\Connection.php(201): mysqli->real_connect('localhost', '', Object(SensitiveParameterValue), '', 3306, '', 0)
#1 C:\Users\ASUS\Downloads\FWMS\FWMS\system\Database\BaseConnection.php(555): CodeIgniter\Database\MySQLi\Connection->connect(false)
#2 C:\Users\ASUS\Downloads\FWMS\FWMS\system\Database\BaseConnection.php(795): CodeIgniter\Database\BaseConnection->initialize()
#3 C:\Users\ASUS\Downloads\FWMS\FWMS\app\Controllers\Home.php(14): CodeIgniter\Database\BaseConnection->query('SELECT 1')
#4 C:\Users\ASUS\Downloads\FWMS\FWMS\system\CodeIgniter.php(974): App\Controllers\Home->index()
#5 C:\Users\ASUS\Downloads\FWMS\FWMS\system\CodeIgniter.php(520): CodeIgniter\CodeIgniter->runController(Object(App\Controllers\Home))
#6 C:\Users\ASUS\Downloads\FWMS\FWMS\system\CodeIgniter.php(363): CodeIgniter\CodeIgniter->handleRequest(NULL, Object(Config\Cache), false)
#7 C:\Users\ASUS\Downloads\FWMS\FWMS\system\Boot.php(417): CodeIgniter\CodeIgniter->run()
#8 C:\Users\ASUS\Downloads\FWMS\FWMS\system\Boot.php(68): CodeIgniter\Boot::runCodeIgniter(Object(CodeIgniter\CodeIgniter))
#9 C:\Users\ASUS\Downloads\FWMS\FWMS\public\index.php(59): CodeIgniter\Boot::bootWeb(Object(Config\Paths))
#10 C:\Users\ASUS\Downloads\FWMS\FWMS\system\rewrite.php(44): require_once('C:\\Users\\ASUS\\D...')
#11 {main}

Next CodeIgniter\Database\Exceptions\DatabaseException: Access denied for user ''@'localhost' (using password: YES) in C:\Users\ASUS\Downloads\FWMS\FWMS\system\Database\MySQLi\Connection.php:231
Stack trace:
#0 C:\Users\ASUS\Downloads\FWMS\FWMS\system\Database\BaseConnection.php(555): CodeIgniter\Database\MySQLi\Connection->connect(false)
#1 C:\Users\ASUS\Downloads\FWMS\FWMS\system\Database\BaseConnection.php(795): CodeIgniter\Database\BaseConnection->initialize()
#2 C:\Users\ASUS\Downloads\FWMS\FWMS\app\Controllers\Home.php(14): CodeIgniter\Database\BaseConnection->query('SELECT 1')
#3 C:\Users\ASUS\Downloads\FWMS\FWMS\system\CodeIgniter.php(974): App\Controllers\Home->index()
#4 C:\Users\ASUS\Downloads\FWMS\FWMS\system\CodeIgniter.php(520): CodeIgniter\CodeIgniter->runController(Object(App\Controllers\Home))
#5 C:\Users\ASUS\Downloads\FWMS\FWMS\system\CodeIgniter.php(363): CodeIgniter\CodeIgniter->handleRequest(NULL, Object(Config\Cache), false)
#6 C:\Users\ASUS\Downloads\FWMS\FWMS\system\Boot.php(417): CodeIgniter\CodeIgniter->run()
#7 C:\Users\ASUS\Downloads\FWMS\FWMS\system\Boot.php(68): CodeIgniter\Boot::runCodeIgniter(Object(CodeIgniter\CodeIgniter))
#8 C:\Users\ASUS\Downloads\FWMS\FWMS\public\index.php(59): CodeIgniter\Boot::bootWeb(Object(Config\Paths))
#9 C:\Users\ASUS\Downloads\FWMS\FWMS\system\rewrite.php(44): require_once('C:\\Users\\ASUS\\D...')
#10 {main}
ERROR - 2026-08-27 01:52:31 --> Error connecting to the database: mysqli_sql_exception: Access denied for user ''@'localhost' (using password: YES) in C:\Users\ASUS\Downloads\FWMS\FWMS\system\Database\MySQLi\Connection.php:201
Stack trace:
#0 C:\Users\ASUS\Downloads\FWMS\FWMS\system\Database\MySQLi\Connection.php(201): mysqli->real_connect('localhost', '', Object(SensitiveParameterValue), '', 3306, '', 0)
#1 C:\Users\ASUS\Downloads\FWMS\FWMS\system\Database\BaseConnection.php(555): CodeIgniter\Database\MySQLi\Connection->connect(false)
#2 C:\Users\ASUS\Downloads\FWMS\FWMS\system\Database\BaseConnection.php(795): CodeIgniter\Database\BaseConnection->initialize()
#3 C:\Users\ASUS\Downloads\FWMS\FWMS\app\Controllers\Home.php(14): CodeIgniter\Database\BaseConnection->query('SELECT 1')
#4 C:\Users\ASUS\Downloads\FWMS\FWMS\system\CodeIgniter.php(974): App\Controllers\Home->index()
#5 C:\Users\ASUS\Downloads\FWMS\FWMS\system\CodeIgniter.php(520): CodeIgniter\CodeIgniter->runController(Object(App\Controllers\Home))
#6 C:\Users\ASUS\Downloads\FWMS\FWMS\system\CodeIgniter.php(363): CodeIgniter\CodeIgniter->handleRequest(NULL, Object(Config\Cache), false)
#7 C:\Users\ASUS\Downloads\FWMS\FWMS\system\Boot.php(417): CodeIgniter\CodeIgniter->run()
#8 C:\Users\ASUS\Downloads\FWMS\FWMS\system\Boot.php(68): CodeIgniter\Boot::runCodeIgniter(Object(CodeIgniter\CodeIgniter))
#9 C:\Users\ASUS\Downloads\FWMS\FWMS\public\index.php(59): CodeIgniter\Boot::bootWeb(Object(Config\Paths))
#10 C:\Users\ASUS\Downloads\FWMS\FWMS\system\rewrite.php(44): require_once('C:\\Users\\ASUS\\D...')
#11 {main}

Next CodeIgniter\Database\Exceptions\DatabaseException: Access denied for user ''@'localhost' (using password: YES) in C:\Users\ASUS\Downloads\FWMS\FWMS\system\Database\MySQLi\Connection.php:231
Stack trace:
#0 C:\Users\ASUS\Downloads\FWMS\FWMS\system\Database\BaseConnection.php(555): CodeIgniter\Database\MySQLi\Connection->connect(false)
#1 C:\Users\ASUS\Downloads\FWMS\FWMS\system\Database\BaseConnection.php(795): CodeIgniter\Database\BaseConnection->initialize()
#2 C:\Users\ASUS\Downloads\FWMS\FWMS\app\Controllers\Home.php(14): CodeIgniter\Database\BaseConnection->query('SELECT 1')
#3 C:\Users\ASUS\Downloads\FWMS\FWMS\system\CodeIgniter.php(974): App\Controllers\Home->index()
#4 C:\Users\ASUS\Downloads\FWMS\FWMS\system\CodeIgniter.php(520): CodeIgniter\CodeIgniter->runController(Object(App\Controllers\Home))
#5 C:\Users\ASUS\Downloads\FWMS\FWMS\system\CodeIgniter.php(363): CodeIgniter\CodeIgniter->handleRequest(NULL, Object(Config\Cache), false)
#6 C:\Users\ASUS\Downloads\FWMS\FWMS\system\Boot.php(417): CodeIgniter\CodeIgniter->run()
#7 C:\Users\ASUS\Downloads\FWMS\FWMS\system\Boot.php(68): CodeIgniter\Boot::runCodeIgniter(Object(CodeIgniter\CodeIgniter))
#8 C:\Users\ASUS\Downloads\FWMS\FWMS\public\index.php(59): CodeIgniter\Boot::bootWeb(Object(Config\Paths))
#9 C:\Users\ASUS\Downloads\FWMS\FWMS\system\rewrite.php(44): require_once('C:\\Users\\ASUS\\D...')
#10 {main}
ERROR - 2026-08-27 01:52:31 --> Error connecting to the database: mysqli_sql_exception: Access denied for user ''@'localhost' (using password: YES) in C:\Users\ASUS\Downloads\FWMS\FWMS\system\Database\MySQLi\Connection.php:201
Stack trace:
#0 C:\Users\ASUS\Downloads\FWMS\FWMS\system\Database\MySQLi\Connection.php(201): mysqli->real_connect('localhost', '', Object(SensitiveParameterValue), '', 3306, '', 0)
#1 C:\Users\ASUS\Downloads\FWMS\FWMS\system\Database\BaseConnection.php(555): CodeIgniter\Database\MySQLi\Connection->connect(false)
#2 C:\Users\ASUS\Downloads\FWMS\FWMS\system\Database\BaseConnection.php(795): CodeIgniter\Database\BaseConnection->initialize()
#3 C:\Users\ASUS\Downloads\FWMS\FWMS\app\Controllers\Home.php(14): CodeIgniter\Database\BaseConnection->query('SELECT 1')
#4 C:\Users\ASUS\Downloads\FWMS\FWMS\system\CodeIgniter.php(974): App\Controllers\Home->index()
#5 C:\Users\ASUS\Downloads\FWMS\FWMS\system\CodeIgniter.php(520): CodeIgniter\CodeIgniter->runController(Object(App\Controllers\Home))
#6 C:\Users\ASUS\Downloads\FWMS\FWMS\system\CodeIgniter.php(363): CodeIgniter\CodeIgniter->handleRequest(NULL, Object(Config\Cache), false)
#7 C:\Users\ASUS\Downloads\FWMS\FWMS\system\Boot.php(417): CodeIgniter\CodeIgniter->run()
#8 C:\Users\ASUS\Downloads\FWMS\FWMS\system\Boot.php(68): CodeIgniter\Boot::runCodeIgniter(Object(CodeIgniter\CodeIgniter))
#9 C:\Users\ASUS\Downloads\FWMS\FWMS\public\index.php(59): CodeIgniter\Boot::bootWeb(Object(Config\Paths))
#10 C:\Users\ASUS\Downloads\FWMS\FWMS\system\rewrite.php(44): require_once('C:\\Users\\ASUS\\D...')
#11 {main}

Next CodeIgniter\Database\Exceptions\DatabaseException: Access denied for user ''@'localhost' (using password: YES) in C:\Users\ASUS\Downloads\FWMS\FWMS\system\Database\MySQLi\Connection.php:231
Stack trace:
#0 C:\Users\ASUS\Downloads\FWMS\FWMS\system\Database\BaseConnection.php(555): CodeIgniter\Database\MySQLi\Connection->connect(false)
#1 C:\Users\ASUS\Downloads\FWMS\FWMS\system\Database\BaseConnection.php(795): CodeIgniter\Database\BaseConnection->initialize()
#2 C:\Users\ASUS\Downloads\FWMS\FWMS\app\Controllers\Home.php(14): CodeIgniter\Database\BaseConnection->query('SELECT 1')
#3 C:\Users\ASUS\Downloads\FWMS\FWMS\system\CodeIgniter.php(974): App\Controllers\Home->index()
#4 C:\Users\ASUS\Downloads\FWMS\FWMS\system\CodeIgniter.php(520): CodeIgniter\CodeIgniter->runController(Object(App\Controllers\Home))
#5 C:\Users\ASUS\Downloads\FWMS\FWMS\system\CodeIgniter.php(363): CodeIgniter\CodeIgniter->handleRequest(NULL, Object(Config\Cache), false)
#6 C:\Users\ASUS\Downloads\FWMS\FWMS\system\Boot.php(417): CodeIgniter\CodeIgniter->run()
#7 C:\Users\ASUS\Downloads\FWMS\FWMS\system\Boot.php(68): CodeIgniter\Boot::runCodeIgniter(Object(CodeIgniter\CodeIgniter))
#8 C:\Users\ASUS\Downloads\FWMS\FWMS\public\index.php(59): CodeIgniter\Boot::bootWeb(Object(Config\Paths))
#9 C:\Users\ASUS\Downloads\FWMS\FWMS\system\rewrite.php(44): require_once('C:\\Users\\ASUS\\D...')
#10 {main}
ERROR - 2026-08-27 01:55:14 --> Error connecting to the database: mysqli_sql_exception: Access denied for user ''@'localhost' (using password: YES) in C:\Users\ASUS\Downloads\FWMS\FWMS\system\Database\MySQLi\Connection.php:201
Stack trace:
#0 C:\Users\ASUS\Downloads\FWMS\FWMS\system\Database\MySQLi\Connection.php(201): mysqli->real_connect('localhost', '', Object(SensitiveParameterValue), '', 3306, '', 0)
#1 C:\Users\ASUS\Downloads\FWMS\FWMS\system\Database\BaseConnection.php(555): CodeIgniter\Database\MySQLi\Connection->connect(false)
#2 C:\Users\ASUS\Downloads\FWMS\FWMS\system\Database\BaseConnection.php(795): CodeIgniter\Database\BaseConnection->initialize()
#3 C:\Users\ASUS\Downloads\FWMS\FWMS\app\Controllers\Home.php(12): CodeIgniter\Database\BaseConnection->query('SELECT 1')
#4 C:\Users\ASUS\Downloads\FWMS\FWMS\system\CodeIgniter.php(974): App\Controllers\Home->index()
#5 C:\Users\ASUS\Downloads\FWMS\FWMS\system\CodeIgniter.php(520): CodeIgniter\CodeIgniter->runController(Object(App\Controllers\Home))
#6 C:\Users\ASUS\Downloads\FWMS\FWMS\system\CodeIgniter.php(363): CodeIgniter\CodeIgniter->handleRequest(NULL, Object(Config\Cache), false)
#7 C:\Users\ASUS\Downloads\FWMS\FWMS\system\Boot.php(417): CodeIgniter\CodeIgniter->run()
#8 C:\Users\ASUS\Downloads\FWMS\FWMS\system\Boot.php(68): CodeIgniter\Boot::runCodeIgniter(Object(CodeIgniter\CodeIgniter))
#9 C:\Users\ASUS\Downloads\FWMS\FWMS\public\index.php(59): CodeIgniter\Boot::bootWeb(Object(Config\Paths))
#10 C:\Users\ASUS\Downloads\FWMS\FWMS\system\rewrite.php(44): require_once('C:\\Users\\ASUS\\D...')
#11 {main}

Next CodeIgniter\Database\Exceptions\DatabaseException: Access denied for user ''@'localhost' (using password: YES) in C:\Users\ASUS\Downloads\FWMS\FWMS\system\Database\MySQLi\Connection.php:231
Stack trace:
#0 C:\Users\ASUS\Downloads\FWMS\FWMS\system\Database\BaseConnection.php(555): CodeIgniter\Database\MySQLi\Connection->connect(false)
#1 C:\Users\ASUS\Downloads\FWMS\FWMS\system\Database\BaseConnection.php(795): CodeIgniter\Database\BaseConnection->initialize()
#2 C:\Users\ASUS\Downloads\FWMS\FWMS\app\Controllers\Home.php(12): CodeIgniter\Database\BaseConnection->query('SELECT 1')
#3 C:\Users\ASUS\Downloads\FWMS\FWMS\system\CodeIgniter.php(974): App\Controllers\Home->index()
#4 C:\Users\ASUS\Downloads\FWMS\FWMS\system\CodeIgniter.php(520): CodeIgniter\CodeIgniter->runController(Object(App\Controllers\Home))
#5 C:\Users\ASUS\Downloads\FWMS\FWMS\system\CodeIgniter.php(363): CodeIgniter\CodeIgniter->handleRequest(NULL, Object(Config\Cache), false)
#6 C:\Users\ASUS\Downloads\FWMS\FWMS\system\Boot.php(417): CodeIgniter\CodeIgniter->run()
#7 C:\Users\ASUS\Downloads\FWMS\FWMS\system\Boot.php(68): CodeIgniter\Boot::runCodeIgniter(Object(CodeIgniter\CodeIgniter))
#8 C:\Users\ASUS\Downloads\FWMS\FWMS\public\index.php(59): CodeIgniter\Boot::bootWeb(Object(Config\Paths))
#9 C:\Users\ASUS\Downloads\FWMS\FWMS\system\rewrite.php(44): require_once('C:\\Users\\ASUS\\D...')
#10 {main}
ERROR - 2026-08-27 01:55:16 --> Error connecting to the database: mysqli_sql_exception: Access denied for user ''@'localhost' (using password: YES) in C:\Users\ASUS\Downloads\FWMS\FWMS\system\Database\MySQLi\Connection.php:201
Stack trace:
#0 C:\Users\ASUS\Downloads\FWMS\FWMS\system\Database\MySQLi\Connection.php(201): mysqli->real_connect('localhost', '', Object(SensitiveParameterValue), '', 3306, '', 0)
#1 C:\Users\ASUS\Downloads\FWMS\FWMS\system\Database\BaseConnection.php(555): CodeIgniter\Database\MySQLi\Connection->connect(false)
#2 C:\Users\ASUS\Downloads\FWMS\FWMS\system\Database\BaseConnection.php(795): CodeIgniter\Database\BaseConnection->initialize()
#3 C:\Users\ASUS\Downloads\FWMS\FWMS\app\Controllers\Home.php(12): CodeIgniter\Database\BaseConnection->query('SELECT 1')
#4 C:\Users\ASUS\Downloads\FWMS\FWMS\system\CodeIgniter.php(974): App\Controllers\Home->index()
#5 C:\Users\ASUS\Downloads\FWMS\FWMS\system\CodeIgniter.php(520): CodeIgniter\CodeIgniter->runController(Object(App\Controllers\Home))
#6 C:\Users\ASUS\Downloads\FWMS\FWMS\system\CodeIgniter.php(363): CodeIgniter\CodeIgniter->handleRequest(NULL, Object(Config\Cache), false)
#7 C:\Users\ASUS\Downloads\FWMS\FWMS\system\Boot.php(417): CodeIgniter\CodeIgniter->run()
#8 C:\Users\ASUS\Downloads\FWMS\FWMS\system\Boot.php(68): CodeIgniter\Boot::runCodeIgniter(Object(CodeIgniter\CodeIgniter))
#9 C:\Users\ASUS\Downloads\FWMS\FWMS\public\index.php(59): CodeIgniter\Boot::bootWeb(Object(Config\Paths))
#10 C:\Users\ASUS\Downloads\FWMS\FWMS\system\rewrite.php(44): require_once('C:\\Users\\ASUS\\D...')
#11 {main}

Next CodeIgniter\Database\Exceptions\DatabaseException: Access denied for user ''@'localhost' (using password: YES) in C:\Users\ASUS\Downloads\FWMS\FWMS\system\Database\MySQLi\Connection.php:231
Stack trace:
#0 C:\Users\ASUS\Downloads\FWMS\FWMS\system\Database\BaseConnection.php(555): CodeIgniter\Database\MySQLi\Connection->connect(false)
#1 C:\Users\ASUS\Downloads\FWMS\FWMS\system\Database\BaseConnection.php(795): CodeIgniter\Database\BaseConnection->initialize()
#2 C:\Users\ASUS\Downloads\FWMS\FWMS\app\Controllers\Home.php(12): CodeIgniter\Database\BaseConnection->query('SELECT 1')
#3 C:\Users\ASUS\Downloads\FWMS\FWMS\system\CodeIgniter.php(974): App\Controllers\Home->index()
#4 C:\Users\ASUS\Downloads\FWMS\FWMS\system\CodeIgniter.php(520): CodeIgniter\CodeIgniter->runController(Object(App\Controllers\Home))
#5 C:\Users\ASUS\Downloads\FWMS\FWMS\system\CodeIgniter.php(363): CodeIgniter\CodeIgniter->handleRequest(NULL, Object(Config\Cache), false)
#6 C:\Users\ASUS\Downloads\FWMS\FWMS\system\Boot.php(417): CodeIgniter\CodeIgniter->run()
#7 C:\Users\ASUS\Downloads\FWMS\FWMS\system\Boot.php(68): CodeIgniter\Boot::runCodeIgniter(Object(CodeIgniter\CodeIgniter))
#8 C:\Users\ASUS\Downloads\FWMS\FWMS\public\index.php(59): CodeIgniter\Boot::bootWeb(Object(Config\Paths))
#9 C:\Users\ASUS\Downloads\FWMS\FWMS\system\rewrite.php(44): require_once('C:\\Users\\ASUS\\D...')
#10 {main}
ERROR - 2026-08-27 01:55:43 --> Error connecting to the database: mysqli_sql_exception: Access denied for user ''@'localhost' (using password: YES) in C:\Users\ASUS\Downloads\FWMS\FWMS\system\Database\MySQLi\Connection.php:201
Stack trace:
#0 C:\Users\ASUS\Downloads\FWMS\FWMS\system\Database\MySQLi\Connection.php(201): mysqli->real_connect('localhost', '', Object(SensitiveParameterValue), '', 3306, '', 0)
#1 C:\Users\ASUS\Downloads\FWMS\FWMS\system\Database\BaseConnection.php(555): CodeIgniter\Database\MySQLi\Connection->connect(false)
#2 C:\Users\ASUS\Downloads\FWMS\FWMS\system\Database\BaseConnection.php(795): CodeIgniter\Database\BaseConnection->initialize()
#3 C:\Users\ASUS\Downloads\FWMS\FWMS\app\Controllers\Home.php(13): CodeIgniter\Database\BaseConnection->query('SELECT 1')
#4 C:\Users\ASUS\Downloads\FWMS\FWMS\system\CodeIgniter.php(974): App\Controllers\Home->index()
#5 C:\Users\ASUS\Downloads\FWMS\FWMS\system\CodeIgniter.php(520): CodeIgniter\CodeIgniter->runController(Object(App\Controllers\Home))
#6 C:\Users\ASUS\Downloads\FWMS\FWMS\system\CodeIgniter.php(363): CodeIgniter\CodeIgniter->handleRequest(NULL, Object(Config\Cache), false)
#7 C:\Users\ASUS\Downloads\FWMS\FWMS\system\Boot.php(417): CodeIgniter\CodeIgniter->run()
#8 C:\Users\ASUS\Downloads\FWMS\FWMS\system\Boot.php(68): CodeIgniter\Boot::runCodeIgniter(Object(CodeIgniter\CodeIgniter))
#9 C:\Users\ASUS\Downloads\FWMS\FWMS\public\index.php(59): CodeIgniter\Boot::bootWeb(Object(Config\Paths))
#10 C:\Users\ASUS\Downloads\FWMS\FWMS\system\rewrite.php(44): require_once('C:\\Users\\ASUS\\D...')
#11 {main}

Next CodeIgniter\Database\Exceptions\DatabaseException: Access denied for user ''@'localhost' (using password: YES) in C:\Users\ASUS\Downloads\FWMS\FWMS\system\Database\MySQLi\Connection.php:231
Stack trace:
#0 C:\Users\ASUS\Downloads\FWMS\FWMS\system\Database\BaseConnection.php(555): CodeIgniter\Database\MySQLi\Connection->connect(false)
#1 C:\Users\ASUS\Downloads\FWMS\FWMS\system\Database\BaseConnection.php(795): CodeIgniter\Database\BaseConnection->initialize()
#2 C:\Users\ASUS\Downloads\FWMS\FWMS\app\Controllers\Home.php(13): CodeIgniter\Database\BaseConnection->query('SELECT 1')
#3 C:\Users\ASUS\Downloads\FWMS\FWMS\system\CodeIgniter.php(974): App\Controllers\Home->index()
#4 C:\Users\ASUS\Downloads\FWMS\FWMS\system\CodeIgniter.php(520): CodeIgniter\CodeIgniter->runController(Object(App\Controllers\Home))
#5 C:\Users\ASUS\Downloads\FWMS\FWMS\system\CodeIgniter.php(363): CodeIgniter\CodeIgniter->handleRequest(NULL, Object(Config\Cache), false)
#6 C:\Users\ASUS\Downloads\FWMS\FWMS\system\Boot.php(417): CodeIgniter\CodeIgniter->run()
#7 C:\Users\ASUS\Downloads\FWMS\FWMS\system\Boot.php(68): CodeIgniter\Boot::runCodeIgniter(Object(CodeIgniter\CodeIgniter))
#8 C:\Users\ASUS\Downloads\FWMS\FWMS\public\index.php(59): CodeIgniter\Boot::bootWeb(Object(Config\Paths))
#9 C:\Users\ASUS\Downloads\FWMS\FWMS\system\rewrite.php(44): require_once('C:\\Users\\ASUS\\D...')
#10 {main}
CRITICAL - 2026-08-27 02:56:09 --> CodeIgniter\View\Exceptions\ViewException: Invalid file: "login.php"
[Method: GET, Route: login]
in SYSTEMPATH\Exceptions\FrameworkException.php on line 39.
 1 SYSTEMPATH\View\View.php(228): CodeIgniter\Exceptions\FrameworkException::forInvalidFile('login.php')
 2 SYSTEMPATH\Common.php(1268): CodeIgniter\View\View->render('login', [], true)
 3 APPPATH\Controllers\Auth.php(9): view('login')
 4 SYSTEMPATH\CodeIgniter.php(974): App\Controllers\Auth->login()
 5 SYSTEMPATH\CodeIgniter.php(520): CodeIgniter\CodeIgniter->runController(Object(App\Controllers\Auth))
 6 SYSTEMPATH\CodeIgniter.php(363): CodeIgniter\CodeIgniter->handleRequest(null, Object(Config\Cache), false)
 7 SYSTEMPATH\Boot.php(417): CodeIgniter\CodeIgniter->run()
 8 SYSTEMPATH\Boot.php(68): CodeIgniter\Boot::runCodeIgniter(Object(CodeIgniter\CodeIgniter))
 9 FCPATH\index.php(59): CodeIgniter\Boot::bootWeb(Object(Config\Paths))
10 SYSTEMPATH\rewrite.php(44): require_once('C:\\Users\\ASUS\\Downloads\\FWMS\\FWMS\\public\\index.php')
DEBUG - 2026-08-27 03:10:05 --> Session: Class initialized using 'CodeIgniter\Session\Handlers\FileHandler' driver.
CRITICAL - 2026-08-27 03:21:20 --> CodeIgniter\View\Exceptions\ViewException: Invalid file: "auth/login.php"
[Method: GET, Route: login]
in SYSTEMPATH\Exceptions\FrameworkException.php on line 39.
 1 SYSTEMPATH\View\View.php(228): CodeIgniter\Exceptions\FrameworkException::forInvalidFile('auth/login.php')
 2 SYSTEMPATH\Common.php(1268): CodeIgniter\View\View->render('auth/login', [], true)
 3 APPPATH\Controllers\Auth.php(11): view('auth/login')
 4 SYSTEMPATH\CodeIgniter.php(974): App\Controllers\Auth->login()
 5 SYSTEMPATH\CodeIgniter.php(520): CodeIgniter\CodeIgniter->runController(Object(App\Controllers\Auth))
 6 SYSTEMPATH\CodeIgniter.php(363): CodeIgniter\CodeIgniter->handleRequest(null, Object(Config\Cache), false)
 7 SYSTEMPATH\Boot.php(417): CodeIgniter\CodeIgniter->run()
 8 SYSTEMPATH\Boot.php(68): CodeIgniter\Boot::runCodeIgniter(Object(CodeIgniter\CodeIgniter))
 9 FCPATH\index.php(59): CodeIgniter\Boot::bootWeb(Object(Config\Paths))
10 SYSTEMPATH\rewrite.php(44): require_once('C:\\Users\\ASUS\\Downloads\\FWMS\\FWMS\\public\\index.php')
DEBUG - 2026-08-27 03:23:16 --> Session: Class initialized using 'CodeIgniter\Session\Handlers\FileHandler' driver.
DEBUG - 2026-08-27 03:23:20 --> Session: Class initialized using 'CodeIgniter\Session\Handlers\FileHandler' driver.
DEBUG - 2026-08-27 03:23:22 --> Session: Class initialized using 'CodeIgniter\Session\Handlers\FileHandler' driver.
DEBUG - 2026-08-27 03:23:40 --> Session: Class initialized using 'CodeIgniter\Session\Handlers\FileHandler' driver.
DEBUG - 2026-08-27 06:40:52 --> Session: Class initialized using 'CodeIgniter\Session\Handlers\FileHandler' driver.
DEBUG - 2026-08-27 06:40:54 --> Session: Class initialized using 'CodeIgniter\Session\Handlers\FileHandler' driver.
DEBUG - 2026-08-27 06:41:10 --> Session: Class initialized using 'CodeIgniter\Session\Handlers\FileHandler' driver.
DEBUG - 2026-08-27 06:41:11 --> Session: Class initialized using 'CodeIgniter\Session\Handlers\FileHandler' driver.
DEBUG - 2026-08-27 06:41:27 --> Session: Class initialized using 'CodeIgniter\Session\Handlers\FileHandler' driver.
DEBUG - 2026-08-27 06:41:27 --> Session: Class initialized using 'CodeIgniter\Session\Handlers\FileHandler' driver.
DEBUG - 2026-08-27 06:42:29 --> Session: Class initialized using 'CodeIgniter\Session\Handlers\FileHandler' driver.
DEBUG - 2026-08-27 06:42:41 --> Session: Class initialized using 'CodeIgniter\Session\Handlers\FileHandler' driver.
DEBUG - 2026-08-27 06:42:41 --> Session: Class initialized using 'CodeIgniter\Session\Handlers\FileHandler' driver.
DEBUG - 2026-08-27 06:42:55 --> Session: Class initialized using 'CodeIgniter\Session\Handlers\FileHandler' driver.
DEBUG - 2026-08-27 06:42:55 --> Session: Class initialized using 'CodeIgniter\Session\Handlers\FileHandler' driver.
DEBUG - 2026-08-27 06:47:21 --> Session: Class initialized using 'CodeIgniter\Session\Handlers\FileHandler' driver.
DEBUG - 2026-08-27 06:47:24 --> Session: Class initialized using 'CodeIgniter\Session\Handlers\FileHandler' driver.
DEBUG - 2026-08-27 06:47:27 --> Session: Class initialized using 'CodeIgniter\Session\Handlers\FileHandler' driver.
DEBUG - 2026-08-27 06:47:43 --> Session: Class initialized using 'CodeIgniter\Session\Handlers\FileHandler' driver.
DEBUG - 2026-08-27 06:47:43 --> Session: Class initialized using 'CodeIgniter\Session\Handlers\FileHandler' driver.
DEBUG - 2026-08-27 06:47:56 --> Session: Class initialized using 'CodeIgniter\Session\Handlers\FileHandler' driver.
DEBUG - 2026-08-27 06:47:56 --> Session: Class initialized using 'CodeIgniter\Session\Handlers\FileHandler' driver.
DEBUG - 2026-08-27 06:48:07 --> Session: Class initialized using 'CodeIgniter\Session\Handlers\FileHandler' driver.
DEBUG - 2026-08-27 06:48:07 --> Session: Class initialized using 'CodeIgniter\Session\Handlers\FileHandler' driver.
DEBUG - 2026-08-27 06:52:14 --> Session: Class initialized using 'CodeIgniter\Session\Handlers\FileHandler' driver.
DEBUG - 2026-08-27 06:52:15 --> Session: Class initialized using 'CodeIgniter\Session\Handlers\FileHandler' driver.
DEBUG - 2026-08-27 06:52:20 --> Session: Class initialized using 'CodeIgniter\Session\Handlers\FileHandler' driver.
DEBUG - 2026-08-27 06:52:20 --> Session: Class initialized using 'CodeIgniter\Session\Handlers\FileHandler' driver.
DEBUG - 2026-08-27 06:52:31 --> Session: Class initialized using 'CodeIgniter\Session\Handlers\FileHandler' driver.
CRITICAL - 2026-08-27 06:52:31 --> CodeIgniter\Filters\Exceptions\FilterException: "auth" filter must have a matching alias defined.
[Method: GET, Route: staff/dashboard]
in SYSTEMPATH\Filters\Filters.php on line 590.
 1 SYSTEMPATH\Filters\Filters.php(590): CodeIgniter\Filters\Exceptions\FilterException::forNoAlias('auth')
 2 SYSTEMPATH\Filters\Filters.php(641): CodeIgniter\Filters\Filters->enableFilter('auth:staff', 'before')
 3 SYSTEMPATH\CodeIgniter.php(476): CodeIgniter\Filters\Filters->enableFilters([...], 'before')
 4 SYSTEMPATH\CodeIgniter.php(363): CodeIgniter\CodeIgniter->handleRequest(null, Object(Config\Cache), false)
 5 SYSTEMPATH\Boot.php(417): CodeIgniter\CodeIgniter->run()
 6 SYSTEMPATH\Boot.php(68): CodeIgniter\Boot::runCodeIgniter(Object(CodeIgniter\CodeIgniter))
 7 FCPATH\index.php(59): CodeIgniter\Boot::bootWeb(Object(Config\Paths))
 8 SYSTEMPATH\rewrite.php(44): require_once('C:\\Users\\ASUS\\Downloads\\FWMS\\FWMS\\public\\index.php')
DEBUG - 2026-08-27 06:58:56 --> Session: Class initialized using 'CodeIgniter\Session\Handlers\FileHandler' driver.
DEBUG - 2026-08-27 06:59:01 --> Session: Class initialized using 'CodeIgniter\Session\Handlers\FileHandler' driver.
DEBUG - 2026-08-27 06:59:01 --> Session: Class initialized using 'CodeIgniter\Session\Handlers\FileHandler' driver.
DEBUG - 2026-08-27 06:59:01 --> Session: Class initialized using 'CodeIgniter\Session\Handlers\FileHandler' driver.
DEBUG - 2026-08-27 06:59:15 --> Session: Class initialized using 'CodeIgniter\Session\Handlers\FileHandler' driver.
DEBUG - 2026-08-27 06:59:15 --> Session: Class initialized using 'CodeIgniter\Session\Handlers\FileHandler' driver.
DEBUG - 2026-08-27 06:59:15 --> Session: Class initialized using 'CodeIgniter\Session\Handlers\FileHandler' driver.
DEBUG - 2026-08-27 07:01:26 --> Session: Class initialized using 'CodeIgniter\Session\Handlers\FileHandler' driver.
DEBUG - 2026-08-27 07:01:26 --> Session: Class initialized using 'CodeIgniter\Session\Handlers\FileHandler' driver.
CRITICAL - 2026-08-27 07:01:26 --> CodeIgniter\View\Exceptions\ViewException: Invalid file: "dashboard/staff.php"
[Method: GET, Route: staff/dashboard]
in SYSTEMPATH\Exceptions\FrameworkException.php on line 39.
 1 SYSTEMPATH\View\View.php(228): CodeIgniter\Exceptions\FrameworkException::forInvalidFile('dashboard/staff.php')
 2 SYSTEMPATH\Common.php(1268): CodeIgniter\View\View->render('dashboard/staff', [], true)
 3 APPPATH\Controllers\Dashboard.php(14): view('dashboard/staff')
 4 SYSTEMPATH\CodeIgniter.php(974): App\Controllers\Dashboard->staff()
 5 SYSTEMPATH\CodeIgniter.php(520): CodeIgniter\CodeIgniter->runController(Object(App\Controllers\Dashboard))
 6 SYSTEMPATH\CodeIgniter.php(363): CodeIgniter\CodeIgniter->handleRequest(null, Object(Config\Cache), false)
 7 SYSTEMPATH\Boot.php(417): CodeIgniter\CodeIgniter->run()
 8 SYSTEMPATH\Boot.php(68): CodeIgniter\Boot::runCodeIgniter(Object(CodeIgniter\CodeIgniter))
 9 FCPATH\index.php(59): CodeIgniter\Boot::bootWeb(Object(Config\Paths))
10 SYSTEMPATH\rewrite.php(44): require_once('C:\\Users\\ASUS\\Downloads\\FWMS\\FWMS\\public\\index.php')
DEBUG - 2026-08-27 07:02:34 --> Session: Class initialized using 'CodeIgniter\Session\Handlers\FileHandler' driver.
DEBUG - 2026-08-27 07:02:36 --> Session: Class initialized using 'CodeIgniter\Session\Handlers\FileHandler' driver.
DEBUG - 2026-08-27 07:02:45 --> Session: Class initialized using 'CodeIgniter\Session\Handlers\FileHandler' driver.
DEBUG - 2026-08-27 07:02:45 --> Session: Class initialized using 'CodeIgniter\Session\Handlers\FileHandler' driver.
DEBUG - 2026-08-27 07:03:22 --> Session: Class initialized using 'CodeIgniter\Session\Handlers\FileHandler' driver.
DEBUG - 2026-08-27 07:03:26 --> Session: Class initialized using 'CodeIgniter\Session\Handlers\FileHandler' driver.
DEBUG - 2026-08-27 07:04:08 --> Session: Class initialized using 'CodeIgniter\Session\Handlers\FileHandler' driver.
DEBUG - 2026-08-27 07:04:12 --> Session: Class initialized using 'CodeIgniter\Session\Handlers\FileHandler' driver.
DEBUG - 2026-08-27 07:04:12 --> Session: Class initialized using 'CodeIgniter\Session\Handlers\FileHandler' driver.
